-- phpMyAdmin SQL Dump
-- version 4.6.4
-- https://www.phpmyadmin.net/
--
-- Host: 127.0.0.1
-- Generation Time: Oct 04, 2019 at 08:30 PM
-- Server version: 5.7.14
-- PHP Version: 7.0.10

SET SQL_MODE = "NO_AUTO_VALUE_ON_ZERO";
SET time_zone = "+00:00";


/*!40101 SET @OLD_CHARACTER_SET_CLIENT=@@CHARACTER_SET_CLIENT */;
/*!40101 SET @OLD_CHARACTER_SET_RESULTS=@@CHARACTER_SET_RESULTS */;
/*!40101 SET @OLD_COLLATION_CONNECTION=@@COLLATION_CONNECTION */;
/*!40101 SET NAMES utf8mb4 */;

--
-- Database: `majles11`
--

-- --------------------------------------------------------

--
-- Table structure for table `admin`
--

CREATE TABLE `admin` (
  `AdminId` int(11) NOT NULL,
  `AdminFullName` varchar(80) COLLATE utf8mb4_unicode_ci NOT NULL,
  `AdminPhone` varchar(15) COLLATE utf8mb4_unicode_ci NOT NULL,
  `AdminPassword` varchar(512) COLLATE utf8mb4_unicode_ci NOT NULL,
  `AdminLastLogin` varchar(25) COLLATE utf8mb4_unicode_ci NOT NULL
) ENGINE=InnoDB DEFAULT CHARSET=utf8mb4 COLLATE=utf8mb4_unicode_ci;

--
-- Dumping data for table `admin`
--

INSERT INTO `admin` (`AdminId`, `AdminFullName`, `AdminPhone`, `AdminPassword`, `AdminLastLogin`) VALUES
(1, 'محمدرضا اسماعیلی', '09120572107', '827ccb0eea8a706c4c34a16891f84e7b', '');

-- --------------------------------------------------------

--
-- Table structure for table `agent`
--

CREATE TABLE `agent` (
  `AgentId` int(11) NOT NULL,
  `AgentFullName` varchar(150) COLLATE utf8mb4_unicode_ci NOT NULL,
  `AgentPhone` varchar(15) COLLATE utf8mb4_unicode_ci NOT NULL,
  `AgentPassword` varchar(35) COLLATE utf8mb4_unicode_ci NOT NULL DEFAULT '827ccb0eea8a706c4c34a16891f84e7b',
  `AgentStateId` int(11) NOT NULL DEFAULT '0'
) ENGINE=InnoDB DEFAULT CHARSET=utf8mb4 COLLATE=utf8mb4_unicode_ci;

--
-- Dumping data for table `agent`
--

INSERT INTO `agent` (`AgentId`, `AgentFullName`, `AgentPhone`, `AgentPassword`, `AgentStateId`) VALUES
(13, 'پشتیبان آذربایجان شرقی', '041', '827ccb0eea8a706c4c34a16891f84e7b', 1),
(16, 'پشتیبان آذربایجان غربی', '044', '827ccb0eea8a706c4c34a16891f84e7b', 2),
(17, 'پشتیبان اردبیل', '045', '827ccb0eea8a706c4c34a16891f84e7b', 3),
(18, 'پشتیبان اصفهان', '031', '827ccb0eea8a706c4c34a16891f84e7b', 4),
(19, 'پشتیبان اصفهان', '026', '827ccb0eea8a706c4c34a16891f84e7b', 5),
(20, 'پشتیبان ایلام', '084', '827ccb0eea8a706c4c34a16891f84e7b', 6),
(21, 'پشتیبان بوشهر', '077', '827ccb0eea8a706c4c34a16891f84e7b', 7),
(22, 'پشتیبان تهران', '021', '827ccb0eea8a706c4c34a16891f84e7b', 8),
(23, 'پشتیبان چهارمحال و بختیاری', '038', '827ccb0eea8a706c4c34a16891f84e7b', 9),
(24, 'پشتیبان خراسان رضوی', '051', '827ccb0eea8a706c4c34a16891f84e7b', 11),
(25, 'پشتیبان خراسان جنوبی', '056', '827ccb0eea8a706c4c34a16891f84e7b', 10),
(26, 'پشتیبان خراسان شمالی', '058', '827ccb0eea8a706c4c34a16891f84e7b', 10),
(27, 'پشتیبان خوزستان', '061', '827ccb0eea8a706c4c34a16891f84e7b', 13),
(28, 'پشتیبان زنجان', '024', '827ccb0eea8a706c4c34a16891f84e7b', 14),
(29, 'پشتیبان سمنان', '023', '827ccb0eea8a706c4c34a16891f84e7b', 15),
(30, 'پشتیبان سیستان و بلوچستان', '054', '827ccb0eea8a706c4c34a16891f84e7b', 16),
(31, 'پشتیبان فارس', '071', '827ccb0eea8a706c4c34a16891f84e7b', 17),
(32, 'پشتیبان قم', '025', '827ccb0eea8a706c4c34a16891f84e7b', 19),
(33, 'پشتیبان قزوین', '028', '827ccb0eea8a706c4c34a16891f84e7b', 18),
(34, 'پشتیبان کردستان', '087', '827ccb0eea8a706c4c34a16891f84e7b', 20),
(35, 'پشتیبان کرمان', '034', '827ccb0eea8a706c4c34a16891f84e7b', 21),
(36, 'پشتیبان کرمانشاه', '083', '827ccb0eea8a706c4c34a16891f84e7b', 22),
(37, 'پشتیبان کهگیلویه و بویراحمد', '074', '827ccb0eea8a706c4c34a16891f84e7b', 23),
(38, 'پشتیبان گلستان', '017', '827ccb0eea8a706c4c34a16891f84e7b', 24),
(39, 'پشتیبان گیلان', '013', '827ccb0eea8a706c4c34a16891f84e7b', 25),
(40, 'پشتیبان لرستان', '066', '827ccb0eea8a706c4c34a16891f84e7b', 26),
(41, 'پشتیبان مازندران', '011', '827ccb0eea8a706c4c34a16891f84e7b', 27),
(42, 'پشتیبان مرکزی', '086', '827ccb0eea8a706c4c34a16891f84e7b', 28),
(43, 'پشتیبان هرمزگان', '076', '827ccb0eea8a706c4c34a16891f84e7b', 29),
(44, 'پشتیبان همدان', '081', '827ccb0eea8a706c4c34a16891f84e7b', 30),
(45, 'پشتیبان یزد', '035', '827ccb0eea8a706c4c34a16891f84e7b', 31);

-- --------------------------------------------------------

--
-- Table structure for table `candidate`
--

CREATE TABLE `candidate` (
  `CandidateId` bigint(20) NOT NULL,
  `CandidateFirstName` varchar(254) COLLATE utf8mb4_unicode_ci NOT NULL,
  `CandidateLastName` varchar(254) COLLATE utf8mb4_unicode_ci NOT NULL,
  `CandidateNationalCode` varchar(25) COLLATE utf8mb4_unicode_ci NOT NULL,
  `CandidatePhone` varchar(25) COLLATE utf8mb4_unicode_ci NOT NULL,
  `CandidateScore` int(11) NOT NULL DEFAULT '0',
  `CandidateStateId` int(11) NOT NULL,
  `CandidateCityId` int(11) NOT NULL,
  `CandidateElectionId` bigint(20) NOT NULL,
  `CandidatePassword` varchar(254) COLLATE utf8mb4_unicode_ci NOT NULL,
  `CandidateStatus` varchar(254) COLLATE utf8mb4_unicode_ci NOT NULL DEFAULT 'CandidateRegister'
) ENGINE=InnoDB DEFAULT CHARSET=utf8mb4 COLLATE=utf8mb4_unicode_ci;

--
-- Dumping data for table `candidate`
--

INSERT INTO `candidate` (`CandidateId`, `CandidateFirstName`, `CandidateLastName`, `CandidateNationalCode`, `CandidatePhone`, `CandidateScore`, `CandidateStateId`, `CandidateCityId`, `CandidateElectionId`, `CandidatePassword`, `CandidateStatus`) VALUES
(1, 'محمدرضا', 'اسماعیلی', '4900354376', '09120572107', 80, 8, 549, 60, '6a5c5436c458438a9f01a3ef4aa1c6f7', 'CandidateExamSecondStep'),
(52, 'میثم', 'سعیدی', '0323329609', '09362118168', 0, 8, 548, 59, '505b8c00748609edfcc3bc633442fd3b', 'CandidateRegister'),
(53, 'حمید', 'حسنی', '4284861972', '09127403828', 0, 8, 548, 59, '1fbf965eed68cc489b46d264542e874e', 'CandidateRegister'),
(54, 'فرید', 'دوستی', '4500767282', '09188433351', 0, 8, 548, 59, '608fdb62993de05257849ef60d1884c2', 'CandidateRegister'),
(55, 'علی', 'رضا زاده همدانی', '0942481526', '09153242879', 0, 8, 548, 59, 'cce76a2a39ae1438185e2e4ae8fe9b78', 'CandidateRegister'),
(56, 'سجاد', 'حیات الغیب', '6139972582', '09163609579', 0, 8, 548, 59, '1aa103c9ed56eda4bf63c6d67ff203b5', 'CandidateRegister'),
(57, 'حمید', 'پاکپور', '0533019941', '09183689021', 0, 8, 548, 59, '3820229a71642ca26e46955c7a193d5c', 'CandidateRegister'),
(58, 'عبدالحمید', 'اربابی', '5979537856', '09155453585', 0, 8, 548, 59, '56c869169d4340279653b66ef111d504', 'CandidateRegister'),
(62, 'اسحق', 'شاهوزی', '0323329608', '09155477882', 0, 8, 548, 59, 'c586dbabb8a5d67805cc30334eff0edf', 'CandidateRegister'),
(63, 'علی', 'مولوی', '0014682931', '09121674372', 0, 8, 548, 59, 'fa9f29e0beab3020d2339e44eb62a192', 'CandidateRegister'),
(64, 'رضا', 'فرخ شاهی نیا', '3255858356', '09188854980', 0, 8, 548, 59, '7f9429f91b4dd780af666cac0b290e5b', 'CandidateRegister'),
(65, 'محسن', 'زارعی', '3254952723', '09128308743', 0, 8, 548, 59, 'd7bad8174b553772cda389742619b345', 'CandidateRegister'),
(66, 'رحیم', 'هاتفی عین الدین', '1719615993', '09141305336', 0, 8, 548, 59, '2534203069b669c59a5f959fb3ac7c68', 'CandidateRegister'),
(67, '.', 'پورحبیبی', '512751315', '09127492261', 0, 8, 548, 59, 'd164f9520a588f3a868e264f062b52b8', 'CandidateRegister'),
(68, '.', 'شمشیربند', '744444446', '09119518776', 0, 8, 548, 59, '77cc284e224fd1feb58177462c4265e3', 'CandidateRegister'),
(69, '.', 'رجبیان', '535562217', '09397611400', 0, 8, 548, 59, '0fa7c614ac3a699d34512199bc60399a', 'CandidateRegister'),
(70, 'مجتبی', 'ذاکریان', '0651900395', '09151603380', 0, 8, 548, 59, '2bf2d5fe73e685f02ebe490c62908131', 'CandidateRegister'),
(71, 'محمد', 'ذکاوت', '4232075496', '09125475185', 0, 8, 548, 59, '958d045c33b0e0239190cac1dce03ac0', 'CandidateRegister'),
(72, 'روح الله', 'خزایی', '111111171', '09109902503', 0, 8, 548, 59, '11afa5e7e91d55bd46d2b780807382a7', 'CandidateRegister'),
(73, 'مهدی', 'مهدوی نژاد', '4430657696', '09132539081', 0, 8, 548, 59, 'c58be7ad1bfde467792fb6b342693721', 'CandidateRegister'),
(74, 'سجاد', 'محمدی شمیم', '4011523240', '09188160980', 0, 8, 548, 59, '26a28b67b58c28ed54a0a6235f265589', 'CandidateRegister'),
(75, '.', 'ترحمی', '444445544', '09194312245', 0, 8, 548, 59, 'f73d65dba057c65860388901472bafed', 'CandidateRegister'),
(76, 'محمد علی', 'ربیعی', '0653205961', '09151630497', 0, 8, 548, 59, '5f8f74012bc8f623ef4a2c9976ba7de4', 'CandidateRegister'),
(77, 'مهدی', 'متین پور', '0651949726', '09159644911', 0, 8, 548, 59, 'f0cf65a06b802044096222673c1f7232', 'CandidateRegister'),
(78, 'علی', 'درودی', '2180736649', '09112555525', 0, 8, 548, 59, '1780e90ee549dea28930c57b091af51c', 'CandidateRegister'),
(79, '.', 'بنی فاطمه', '71050000', '09113753032', 0, 8, 548, 59, '2edd4649f5e41a142e3b87fa22054baf', 'CandidateRegister'),
(80, 'محمد جواد', 'ساوری', '2110011114', '09113737308', 0, 8, 548, 59, 'c688b947094bb49b6416ff4f8ef07082', 'CandidateRegister'),
(81, 'رحمن', 'حاج غریبی', '5589774969', '09181710282', 0, 8, 548, 59, '40cd2a8180dc9e83c0c1d232ea617a02', 'CandidateRegister'),
(82, 'عبدالسعید', 'حقیقی مقدم', '4189489905', '09107701990', 0, 8, 548, 59, '3dbca97ab0b51aefe69dea4a674b1e36', 'CandidateRegister'),
(83, 'محمد', 'خواجوی', '1841573469', '09100556207', 0, 8, 548, 59, 'e69ad8ad2be2bc9f1cd7b30f9afdc389', 'CandidateRegister'),
(84, '.', 'دهرابپور', '560007000', '09171411399', 0, 8, 548, 59, '67f2b581ef4d2ee5ee2ae1e8e0b5b342', 'CandidateRegister'),
(85, '.فردین', 'صالحی', '4620553980', '09123519386', 0, 8, 548, 59, '5a69a15103a885783e66909aa598c577', 'CandidateRegister'),
(86, 'رحمان', 'بیات', '555053555', '09124444444', 0, 8, 548, 59, '3f68547e6e356a21171ae95ff42f2f6c', 'CandidateRegister'),
(87, '09120572108', '09120572108', '203010000', '0912057210711', 0, 8, 548, 59, 'b8c915e8092d7a6c609feaaa8fded191', 'CandidateRegister'),
(88, 'امین', 'ملک نژاد یزدی', '0941248798', '09125471963', 0, 8, 548, 59, '1583f18727a59afffaadaa8d62e2444f', 'CandidateRegister'),
(89, 'عبدالله', 'مشکنانی', '600900002', '09122008734', 0, 8, 548, 59, 'fb9057b088f23f6b610ed4cf359bbd8f', 'CandidateRegister'),
(90, 'نوید', 'قرینه', '333333373', '09166114552', 0, 8, 548, 59, 'bb6afd3b508982915ea8adbe12a3fcc3', 'CandidateRegister'),
(91, 'محمدباقر', 'بیات', '0559861516', '09127981198', 0, 8, 548, 59, '9355de27e9c61be3692c82f54f696cd8', 'CandidateRegister'),
(92, 'سید عبدالله', 'رضوی', '900004010', '09122490460', 0, 8, 548, 59, 'ced8cc32613a8f1b61031d1d77697f25', 'CandidateRegister'),
(93, 'عباس', 'نداف زاده', '3000001', '09126852082', 0, 8, 548, 59, 'a92ada15b197a54e42bc71401aae92aa', 'CandidateRegister'),
(94, 'سمیه', 'گلپور', '666606366', '09126940349', 0, 8, 548, 59, '8a0138f5fe8ff3f1e40e3c5899cc5eb8', 'CandidateRegister'),
(95, 'سید پژمان', 'امین مدنی', '832000000', '09125706895', 0, 8, 548, 59, 'dae9bc364294e2c3e559055752602339', 'CandidateRegister'),
(96, 'زینب', 'وثوقی', '700000089', '09193996351', 0, 8, 548, 59, '13375f63cfff9884ecdfded935cbc9b3', 'CandidateRegister'),
(97, 'حبیب الله', 'گل محمدی', '0600000044', '09120272303', 0, 8, 548, 59, '0342ce2fcd5ff947fc90c89d7fa1f5b8', 'CandidateRegister'),
(98, 'مجید', 'دانشور', '0051434148', '09125601813', 0, 8, 548, 59, 'f22ba8eb5021fbe2daba8098872ff025', 'CandidateRegister'),
(100, 'حجت الله', 'الماسی', '0920400000', '09183394608', 0, 8, 548, 59, '8cdaf70db406f28807e8a835a8bf3a2c', 'CandidateRegister'),
(101, 'سیدعلی', 'محسنیان', '0072815639', '09126408262', 0, 8, 548, 59, '2a28e9a90617e99b0872da1641ce61aa', 'CandidateRegister'),
(102, 'منوچهر', '.', '0010100008', '09307589881', 0, 8, 548, 59, '562816c561397335bcebf09c6a0f4f41', 'CandidateRegister'),
(103, 'علی اصغر', 'طیبی', '0070000700', '09121835382', 0, 8, 548, 59, '082f7f325b684a06be80acc5028d5855', 'CandidateRegister'),
(104, 'سیدعباس', 'حسنی', '6479391551', '09128702186', 0, 8, 548, 59, 'd3f2ee4f8d20a37d24b109572b61fec1', 'CandidateRegister'),
(105, 'یارا', 'حاجی حسن', '0885888588', '09106702897', 0, 8, 548, 59, '723fdb0b34b2863a12e88398d8d7017e', 'CandidateRegister'),
(106, 'محسن', 'نیکخوی', '0400003007', '09125275001', 0, 8, 548, 59, '1dac2211c7ee159896b5fe2a8e5f7fbf', 'CandidateRegister'),
(107, 'داریوش', 'روحانی', '0799000000', '09121598675', 0, 8, 548, 59, 'b1a7b513a1ab9e9cd5c7836e6a25c0f1', 'CandidateRegister'),
(108, 'امیر', 'طریقت', '4723213937', '09352254149', 0, 8, 548, 59, '6b3c30854142b1550709bfc50fa3162c', 'CandidateRegister'),
(109, 'محمد', 'امین', '3256290711', '09124107419', 0, 8, 548, 59, 'b227d31b54253c8a2dd0a4e7baa2610f', 'CandidateRegister'),
(110, 'مسعود', 'امامی', '0040200000', '091454100000', 0, 8, 548, 59, 'da16cc28a0f70142005863f2f769b934', 'CandidateRegister'),
(111, 'محمدرضا', 'زین الدینی', '0008000220', '09125907617', 0, 8, 548, 59, '67d95a741a9082a0f6f4df5549fa9803', 'CandidateRegister'),
(112, 'محمد', 'اکبرزاده طلوتی', '2063927995', '09355171882', 0, 8, 548, 59, '7c59cb565f5183c24ae502587c23582d', 'CandidateRegister'),
(113, 'محمد امین', 'سلیمی', '0310939895', '09382173443', 0, 8, 548, 59, '461b6ee0ba5f6814dbcb0e7cdd5dc28c', 'CandidateRegister'),
(114, 'محمد', 'ناطق گلستان', '0943383501', '09153587009', 0, 8, 548, 59, 'f89acdbc8eb5299a3458d38bfb38a006', 'CandidateRegister'),
(115, 'معصومه', 'زیبایی نژاد', '2297976127', '09127965540', 0, 8, 548, 59, 'f1361734179c52a03507598529232a68', 'CandidateRegister'),
(116, 'امیر', 'عزیزی', '1757067851', '0910334467', 0, 8, 548, 59, '5a5db0c0c997697a14012d0275635a8d', 'CandidateRegister'),
(117, 'امیر', 'عزیزی', '7523953980', '09190334467', 0, 8, 548, 59, 'ab3a00f8798e615aa1cbc70c199ce79b', 'CandidateRegister'),
(118, '11111', '11111', '1111111111', '09991111111', 0, 8, 548, 59, 'dce1be811d75b176035f80ef7f989680', 'CandidateRegister'),
(119, 'مصطفی', 'رفسنجانی مقدم', '0940930919', '09354799922', 0, 8, 548, 59, 'd1112be4253ab35ff995669041e5bef0', 'CandidateRegister'),
(120, 'محمد حسن', 'آزما', '4132444473', '09125264949', 0, 8, 548, 59, '422530fe0cf09660de4456cd089bfabd', 'CandidateRegister'),
(121, 'عباس', 'عباس خزاعی', '2371991910', '09214344505', 0, 8, 548, 59, '65eeb55adbaef5178ab5a41b62f7e16a', 'CandidateRegister'),
(122, 'احمدرضا', 'اسكندري', '4911262540', '09124088218', 0, 8, 548, 59, 'ef6a1f8cce52286d433474758a6e3914', 'CandidateRegister'),
(123, 'حمید', 'مقدم', '2060412889', '09122728708  و   09354169', 0, 8, 548, 59, '88e12ae767edd536d5b3dff20ff1bedd', 'CandidateRegister'),
(124, 'الهی بخش', 'گوری', '3701230420', '09151982541', 0, 8, 548, 59, '7621920f3e45bafd330e8e2c5718f290', 'CandidateRegister'),
(125, 'سمیه', 'کاظمیان', '0930842618', '09123935271', 0, 8, 548, 59, '2a00b5865e3dc3c8310e986cf72a5e7a', 'CandidateRegister'),
(126, 'مریم', 'کاکاوندی', '3258481857', '09124038843', 0, 8, 548, 59, '8bb9471daa28fd8ec6158de407923c74', 'CandidateRegister'),
(127, 'سیدحسین', 'ساداتی', '5258888738', '09155453029', 0, 8, 548, 59, 'f686b98f10af35ce21d751e070a12c4b', 'CandidateRegister'),
(128, 'محمداکرم', 'هودیانی', '3591466141', '09151471462', 0, 8, 548, 59, '76d291a0afbf8fbd7195fadec4bd63e3', 'CandidateRegister'),
(129, 'احمد', 'تقوائی نجیب', '0064677877', '09122177150', 0, 8, 548, 59, '40db74c10bf74a00ae13847288896419', 'CandidateRegister'),
(130, 'محسن', 'حق شناس', '4320692578', '09123823875', 0, 8, 548, 59, '7698127ea90bb40bc8af891a6644ffae', 'CandidateRegister'),
(131, 'حمیدرضا', 'مهدوی ارفع', '0057522121', '09054101823', 0, 8, 548, 59, '123cc3019df27d7fd80cf5fd4071eaa7', 'CandidateRegister'),
(132, 'عیسی', 'زارعی', '3422119851', '09102149780', 0, 8, 548, 59, '96755ccc5ebfd0f863460ea16379b906', 'CandidateRegister'),
(133, 'محمد سعید', 'مفیدی', '0067243053', '09122406484', 0, 8, 548, 59, 'd5586a33c964907130ad06cf2ea8fb50', 'CandidateRegister'),
(134, 'رضی', 'افلاطونی', '4321335701', '09123813190', 0, 8, 548, 59, '790e59f9e478d240fc5144bd00f8d482', 'CandidateRegister'),
(135, 'فرشاد', 'فرشاد ملکانی', '0070650640', '0070650640', 0, 8, 548, 59, 'd9479a87cef8b0b277b656ee9455e3c1', 'CandidateRegister'),
(136, 'امیرموسی', 'زارعی', '3421853551', '09177657943', 0, 8, 548, 59, '98acb1363416f5217116c8aa97156042', 'CandidateRegister'),
(138, 'محسن', 'ستیز نارویی', '3672250562', '009155473987', 0, 8, 548, 59, '290da083c14fa41f426456bd20fba47a', 'CandidateRegister'),
(139, 'علی', 'کریمی', '4939567672', '09149317757', 0, 8, 548, 59, '878693205b57360232292cf1f9340754', 'CandidateRegister'),
(140, 'صادق', 'خانی علی اکبری', '3252261863', '09128947974', 0, 8, 548, 59, '2b192a78326f009de3cc1c000127e0f4', 'CandidateRegister'),
(141, 'امیر', 'جعفرپور', '0940761262', '09158040849', 0, 8, 548, 59, '5c5570dd7de48032c57e2ca9b1ad59b7', 'CandidateRegister'),
(142, 'حسین', 'رمضانی', '1292650834', '09131653476', 0, 8, 548, 59, 'a8c9627dfba4469b924fa28b3e674a9a', 'CandidateRegister');

-- --------------------------------------------------------

--
-- Table structure for table `candidate_exam_request`
--

CREATE TABLE `candidate_exam_request` (
  `RequestId` int(11) NOT NULL,
  `CandidateId` bigint(20) NOT NULL,
  `ExamId` bigint(20) NOT NULL,
  `ExamState` varchar(80) NOT NULL DEFAULT 'Pend' COMMENT '(Pend/Absence/Presence/Done)',
  `CreateDateTime` varchar(45) NOT NULL
) ENGINE=InnoDB DEFAULT CHARSET=latin1;

--
-- Dumping data for table `candidate_exam_request`
--

INSERT INTO `candidate_exam_request` (`RequestId`, `CandidateId`, `ExamId`, `ExamState`, `CreateDateTime`) VALUES
(6, 1, 1, 'Absence', '1398/07/11 23:38:47'),
(7, 1, 1, 'Done', '1398/07/12 10:29:25'),
(8, 1, 3, 'Absence', '1398/07/12 17:06:45'),
(9, 1, 3, 'Done', '1398/07/12 17:31:27');

-- --------------------------------------------------------

--
-- Table structure for table `candidate_post`
--

CREATE TABLE `candidate_post` (
  `RowId` bigint(20) NOT NULL,
  `CandidateId` bigint(20) NOT NULL,
  `PostId` bigint(20) NOT NULL
) ENGINE=InnoDB DEFAULT CHARSET=latin1;

-- --------------------------------------------------------

--
-- Table structure for table `candidate_report_abuse`
--

CREATE TABLE `candidate_report_abuse` (
  `ReportId` bigint(20) NOT NULL,
  `ReportCandidateId` bigint(20) NOT NULL,
  `ReportFullName` varchar(255) COLLATE utf8mb4_unicode_ci NOT NULL,
  `ReportTitle` varchar(255) COLLATE utf8mb4_unicode_ci NOT NULL,
  `ReportPhone` varchar(25) COLLATE utf8mb4_unicode_ci NOT NULL,
  `ReportContent` mediumtext COLLATE utf8mb4_unicode_ci NOT NULL,
  `ReportIp` varchar(25) COLLATE utf8mb4_unicode_ci NOT NULL,
  `CreateDateTime` text COLLATE utf8mb4_unicode_ci NOT NULL,
  `Visited` int(11) NOT NULL DEFAULT '0'
) ENGINE=InnoDB DEFAULT CHARSET=utf8mb4 COLLATE=utf8mb4_unicode_ci;

-- --------------------------------------------------------

--
-- Table structure for table `candidate_roles`
--

CREATE TABLE `candidate_roles` (
  `RoleId` int(11) NOT NULL,
  `CandidateId` int(11) NOT NULL,
  `Role` varchar(254) NOT NULL
) ENGINE=InnoDB DEFAULT CHARSET=latin1;

--
-- Dumping data for table `candidate_roles`
--

INSERT INTO `candidate_roles` (`RoleId`, `CandidateId`, `Role`) VALUES
(12, 52, 'Candidate'),
(13, 52, 'Sponsor'),
(14, 52, 'Elite'),
(15, 53, 'Candidate'),
(16, 53, 'Sponsor'),
(17, 53, 'Elite'),
(18, 54, 'Candidate'),
(19, 54, 'Sponsor'),
(20, 54, 'Elite'),
(21, 55, 'Candidate'),
(22, 55, 'Sponsor'),
(23, 55, 'Elite'),
(24, 56, 'Candidate'),
(25, 56, 'Sponsor'),
(26, 56, 'Elite'),
(27, 57, 'Candidate'),
(28, 57, 'Sponsor'),
(29, 57, 'Elite'),
(30, 58, 'Candidate'),
(31, 58, 'Sponsor'),
(32, 58, 'Elite'),
(33, 59, 'Candidate'),
(34, 59, 'Sponsor'),
(35, 59, 'Elite'),
(36, 60, 'Candidate'),
(37, 60, 'Sponsor'),
(38, 60, 'Elite'),
(39, 61, 'Candidate'),
(40, 61, 'Sponsor'),
(41, 61, 'Elite'),
(42, 62, 'Candidate'),
(43, 62, 'Sponsor'),
(44, 62, 'Elite'),
(45, 63, 'Candidate'),
(46, 63, 'Sponsor'),
(47, 63, 'Elite'),
(48, 64, 'Candidate'),
(49, 64, 'Sponsor'),
(50, 64, 'Elite'),
(51, 65, 'Candidate'),
(52, 65, 'Sponsor'),
(53, 65, 'Elite'),
(54, 66, 'Candidate'),
(55, 66, 'Sponsor'),
(56, 66, 'Elite'),
(57, 67, 'Candidate'),
(58, 67, 'Sponsor'),
(59, 67, 'Elite'),
(60, 68, 'Candidate'),
(61, 68, 'Sponsor'),
(62, 68, 'Elite'),
(63, 69, 'Candidate'),
(64, 69, 'Sponsor'),
(65, 69, 'Elite'),
(66, 70, 'Candidate'),
(67, 70, 'Sponsor'),
(68, 70, 'Elite'),
(69, 71, 'Candidate'),
(70, 71, 'Sponsor'),
(71, 71, 'Elite'),
(72, 72, 'Candidate'),
(73, 72, 'Sponsor'),
(74, 72, 'Elite'),
(75, 73, 'Candidate'),
(76, 73, 'Sponsor'),
(77, 73, 'Elite'),
(78, 74, 'Candidate'),
(79, 74, 'Sponsor'),
(80, 74, 'Elite'),
(81, 75, 'Candidate'),
(82, 75, 'Sponsor'),
(83, 75, 'Elite'),
(84, 76, 'Candidate'),
(85, 76, 'Sponsor'),
(86, 76, 'Elite'),
(87, 77, 'Candidate'),
(88, 77, 'Sponsor'),
(89, 77, 'Elite'),
(90, 78, 'Candidate'),
(91, 78, 'Sponsor'),
(92, 78, 'Elite'),
(93, 79, 'Candidate'),
(94, 79, 'Sponsor'),
(95, 79, 'Elite'),
(96, 80, 'Candidate'),
(97, 80, 'Sponsor'),
(98, 80, 'Elite'),
(99, 81, 'Candidate'),
(100, 81, 'Sponsor'),
(101, 81, 'Elite'),
(102, 82, 'Candidate'),
(103, 82, 'Sponsor'),
(104, 82, 'Elite'),
(105, 83, 'Candidate'),
(106, 83, 'Sponsor'),
(107, 83, 'Elite'),
(108, 84, 'Candidate'),
(109, 84, 'Sponsor'),
(110, 84, 'Elite'),
(111, 85, 'Candidate'),
(112, 85, 'Sponsor'),
(113, 85, 'Elite'),
(114, 86, 'Candidate'),
(115, 86, 'Sponsor'),
(116, 86, 'Elite'),
(117, 87, 'Candidate'),
(118, 87, 'Sponsor'),
(119, 87, 'Elite'),
(120, 88, 'Candidate'),
(121, 88, 'Sponsor'),
(122, 88, 'Elite'),
(123, 89, 'Candidate'),
(124, 89, 'Sponsor'),
(125, 89, 'Elite'),
(126, 90, 'Candidate'),
(127, 90, 'Sponsor'),
(128, 90, 'Elite'),
(129, 91, 'Candidate'),
(130, 91, 'Sponsor'),
(131, 91, 'Elite'),
(132, 92, 'Candidate'),
(133, 92, 'Sponsor'),
(134, 92, 'Elite'),
(135, 93, 'Candidate'),
(136, 93, 'Sponsor'),
(137, 93, 'Elite'),
(138, 94, 'Candidate'),
(139, 94, 'Sponsor'),
(140, 94, 'Elite'),
(141, 95, 'Candidate'),
(142, 95, 'Sponsor'),
(143, 95, 'Elite'),
(144, 96, 'Candidate'),
(145, 96, 'Sponsor'),
(146, 96, 'Elite'),
(147, 97, 'Candidate'),
(148, 97, 'Sponsor'),
(149, 97, 'Elite'),
(150, 98, 'Candidate'),
(151, 98, 'Sponsor'),
(152, 98, 'Elite'),
(153, 99, 'Candidate'),
(154, 99, 'Sponsor'),
(155, 99, 'Elite'),
(156, 100, 'Candidate'),
(157, 100, 'Sponsor'),
(158, 100, 'Elite'),
(159, 101, 'Candidate'),
(160, 101, 'Sponsor'),
(161, 101, 'Elite'),
(162, 102, 'Candidate'),
(163, 102, 'Sponsor'),
(164, 102, 'Elite'),
(165, 103, 'Candidate'),
(166, 103, 'Sponsor'),
(167, 103, 'Elite'),
(168, 104, 'Candidate'),
(169, 104, 'Sponsor'),
(170, 104, 'Elite'),
(171, 105, 'Candidate'),
(172, 105, 'Sponsor'),
(173, 105, 'Elite'),
(174, 106, 'Candidate'),
(175, 106, 'Sponsor'),
(176, 106, 'Elite'),
(177, 107, 'Candidate'),
(178, 107, 'Sponsor'),
(179, 107, 'Elite'),
(180, 108, 'Candidate'),
(181, 108, 'Sponsor'),
(182, 108, 'Elite'),
(183, 109, 'Candidate'),
(184, 109, 'Sponsor'),
(185, 109, 'Elite'),
(186, 110, 'Candidate'),
(187, 110, 'Sponsor'),
(188, 110, 'Elite'),
(189, 111, 'Candidate'),
(190, 111, 'Sponsor'),
(191, 111, 'Elite'),
(192, 112, 'Candidate'),
(193, 112, 'Sponsor'),
(194, 112, 'Elite'),
(195, 113, 'Candidate'),
(196, 113, 'Sponsor'),
(197, 113, 'Elite'),
(198, 114, 'Candidate'),
(199, 114, 'Sponsor'),
(200, 114, 'Elite'),
(201, 115, 'Candidate'),
(202, 115, 'Sponsor'),
(203, 115, 'Elite'),
(204, 116, 'Candidate'),
(205, 116, 'Sponsor'),
(206, 116, 'Elite'),
(207, 117, 'Candidate'),
(208, 117, 'Sponsor'),
(209, 117, 'Elite'),
(210, 118, 'Candidate'),
(211, 118, 'Sponsor'),
(212, 118, 'Elite'),
(213, 119, 'Candidate'),
(214, 119, 'Sponsor'),
(215, 119, 'Elite'),
(216, 120, 'Candidate'),
(217, 120, 'Sponsor'),
(218, 120, 'Elite'),
(219, 121, 'Candidate'),
(220, 121, 'Sponsor'),
(221, 121, 'Elite'),
(222, 122, 'Candidate'),
(223, 122, 'Sponsor'),
(224, 122, 'Elite'),
(225, 123, 'Candidate'),
(226, 123, 'Sponsor'),
(227, 123, 'Elite'),
(228, 124, 'Candidate'),
(229, 124, 'Sponsor'),
(230, 124, 'Elite'),
(231, 125, 'Candidate'),
(232, 125, 'Sponsor'),
(233, 125, 'Elite'),
(234, 126, 'Candidate'),
(235, 126, 'Sponsor'),
(236, 126, 'Elite'),
(237, 127, 'Candidate'),
(238, 127, 'Sponsor'),
(239, 127, 'Elite'),
(240, 128, 'Candidate'),
(241, 128, 'Sponsor'),
(242, 128, 'Elite'),
(243, 129, 'Candidate'),
(244, 129, 'Sponsor'),
(245, 129, 'Elite'),
(246, 130, 'Candidate'),
(247, 130, 'Sponsor'),
(248, 130, 'Elite'),
(249, 131, 'Candidate'),
(250, 131, 'Sponsor'),
(251, 131, 'Elite'),
(252, 132, 'Candidate'),
(253, 132, 'Sponsor'),
(254, 132, 'Elite'),
(255, 133, 'Candidate'),
(256, 133, 'Sponsor'),
(257, 133, 'Elite'),
(258, 134, 'Candidate'),
(259, 134, 'Sponsor'),
(260, 134, 'Elite'),
(261, 135, 'Candidate'),
(262, 135, 'Sponsor'),
(263, 135, 'Elite'),
(264, 136, 'Candidate'),
(265, 136, 'Sponsor'),
(266, 136, 'Elite'),
(267, 1, 'Candidate'),
(268, 1, 'Sponsor'),
(269, 1, 'Elite'),
(270, 138, 'Candidate'),
(271, 138, 'Sponsor'),
(272, 138, 'Elite'),
(273, 139, 'Candidate'),
(274, 139, 'Sponsor'),
(275, 139, 'Elite'),
(276, 140, 'Candidate'),
(277, 140, 'Sponsor'),
(278, 140, 'Elite'),
(279, 141, 'Candidate'),
(280, 141, 'Sponsor'),
(281, 141, 'Elite');

-- --------------------------------------------------------

--
-- Table structure for table `city`
--

CREATE TABLE `city` (
  `CityId` bigint(20) NOT NULL,
  `CityStateId` bigint(20) NOT NULL COMMENT 'from table state',
  `CityName` varchar(254) COLLATE utf8mb4_unicode_ci NOT NULL
) ENGINE=InnoDB DEFAULT CHARSET=utf8mb4 COLLATE=utf8mb4_unicode_ci;

--
-- Dumping data for table `city`
--

INSERT INTO `city` (`CityId`, `CityStateId`, `CityName`) VALUES
(444, 1, 'اهر'),
(445, 1, 'هریس'),
(446, 1, 'بستان آباد'),
(447, 1, 'بناب'),
(448, 1, 'تبریز'),
(449, 1, 'آذرشهر'),
(450, 1, 'اسکو'),
(451, 1, 'سراب'),
(452, 1, 'شبستر'),
(453, 1, 'کلیبر'),
(456, 1, 'مراغه'),
(457, 1, 'عجب شیر'),
(458, 1, 'مرند'),
(459, 1, 'جلفا'),
(460, 1, 'ملکان'),
(461, 1, 'میانه'),
(462, 1, 'هشترود'),
(463, 1, 'چارااویماق'),
(464, 1, 'ورزقان'),
(465, 2, 'ارومیه'),
(466, 2, 'بوکان'),
(467, 2, 'پیرانشهر'),
(468, 2, 'سردشت'),
(469, 2, 'خوی'),
(471, 2, 'سلماس'),
(472, 2, 'ماکو'),
(473, 2, 'چالدران'),
(476, 2, 'مهاباد'),
(477, 2, 'میاندوآب'),
(478, 2, 'شاهین دژ'),
(479, 2, 'تکاپ'),
(480, 2, 'نقده'),
(481, 2, 'اشنویه'),
(482, 3, 'اردبیل'),
(483, 3, 'نمین'),
(484, 3, 'نیر'),
(485, 3, 'سرعین'),
(486, 3, 'پارس آباد'),
(487, 3, 'بیله سوار'),
(488, 3, 'خلخال'),
(489, 3, 'کوثر'),
(490, 3, 'گرمی'),
(491, 3, 'مشگین دشت'),
(492, 4, 'اردستان'),
(493, 4, 'شاهین شهر'),
(494, 4, 'میمه'),
(495, 4, 'بربخوار'),
(496, 4, 'خمینی شهر'),
(497, 4, 'سمیرم'),
(498, 4, 'شهرضا'),
(501, 4, 'فریدن'),
(502, 4, 'چادگان'),
(503, 4, 'فریدونشهر'),
(506, 4, 'فلاورجان'),
(507, 4, 'کاشان'),
(508, 4, 'آران و بیدگل'),
(509, 4, 'گلپایگان'),
(510, 4, 'خوانسار'),
(511, 4, 'لنجان'),
(512, 4, 'مبارکه'),
(513, 4, 'نائین'),
(516, 4, 'نجف آباد'),
(517, 4, 'تیران'),
(518, 4, 'کرون'),
(519, 4, 'نطنز'),
(521, 5, 'ساوجبلاغ'),
(522, 5, 'نظر آباد'),
(523, 5, 'طالقان'),
(524, 5, 'کرج'),
(525, 5, 'اشتهارد'),
(526, 5, 'فردیس'),
(527, 6, 'ایلام'),
(528, 6, 'ایوان'),
(529, 6, 'چرداول'),
(530, 6, 'مهران'),
(532, 6, 'شیروان'),
(533, 6, 'دهلران'),
(534, 6, 'دره شهر'),
(535, 6, 'آبدانان'),
(537, 7, 'بوشهر'),
(538, 7, 'گناوه'),
(539, 7, 'دیلم'),
(540, 7, 'دشتستان'),
(541, 7, 'دشتی'),
(542, 7, 'تنگستان'),
(543, 7, 'کنگان'),
(544, 7, 'دیر'),
(545, 7, 'جم'),
(547, 8, 'پاکدشت'),
(548, 8, 'تهران'),
(549, 8, 'ری'),
(550, 8, 'شمیرانات'),
(551, 8, 'اسلامشهر'),
(553, 8, 'دماوند'),
(554, 8, 'فیروزکوه'),
(555, 8, 'رباط کریم'),
(557, 8, 'شهریار'),
(560, 8, 'ورامین'),
(563, 9, 'اردل'),
(564, 9, 'فارسان'),
(565, 9, 'کوهرنگ'),
(568, 9, 'بروجن'),
(569, 9, 'شهرکرد'),
(572, 9, 'لردگان'),
(573, 10, 'بیرجند'),
(574, 10, 'درمیان'),
(576, 10, 'قائنات'),
(578, 10, 'نهبندان'),
(579, 10, 'سربیشه'),
(580, 10, 'فردوس'),
(581, 10, 'سرایان'),
(582, 10, 'طبس'),
(584, 11, 'تربت جام'),
(585, 11, 'تایباد'),
(588, 11, 'تربیت حیدریه'),
(589, 11, 'مه ولات'),
(591, 11, 'چناران'),
(593, 11, 'خواف'),
(594, 11, 'رشتخوار'),
(595, 11, 'درگز'),
(596, 11, 'سبزوار'),
(601, 11, 'فریمان'),
(602, 11, 'سرخس'),
(605, 11, 'قوچان'),
(606, 11, 'فاروج'),
(607, 11, 'کاشمر'),
(608, 11, 'خلیل آباد'),
(610, 11, 'گناباد'),
(612, 11, 'مشهد'),
(613, 11, 'کلات'),
(614, 11, 'نیشابور'),
(616, 12, 'اسفراین'),
(617, 12, 'بجنورد'),
(618, 12, 'مانه'),
(619, 12, 'سملقان'),
(620, 12, 'جاجرم'),
(624, 12, 'شیروان'),
(625, 13, 'آبادن'),
(626, 13, 'اندیمشک'),
(627, 13, 'اهواز'),
(631, 13, 'ایذه'),
(633, 13, 'بندر ماهشهر'),
(634, 13, 'امیدیه'),
(635, 13, 'هندیجان'),
(637, 13, 'بهبهان'),
(639, 13, 'خرمشهر'),
(640, 13, 'دزفول'),
(641, 13, 'دشت آزادگان'),
(643, 13, 'رامهرمز'),
(644, 13, 'رامشیر'),
(645, 13, 'شادگان'),
(646, 13, 'شوش'),
(647, 13, 'شوشتر'),
(648, 13, 'گتوند'),
(649, 13, 'مسجد سلیمان'),
(650, 13, 'لالی'),
(653, 14, 'ابهر'),
(654, 14, 'خرمدره'),
(656, 14, 'خدابنده'),
(657, 14, 'زنجان'),
(658, 14, 'طارم'),
(660, 14, 'ایجرود'),
(663, 15, 'دامغان'),
(664, 15, 'سمنان'),
(665, 15, 'مهدی شهر'),
(668, 15, 'شاهرود'),
(671, 15, 'گرمسار'),
(673, 16, 'ایرانشهر'),
(674, 16, 'سرباز'),
(675, 16, 'دلگان'),
(681, 16, 'چابهار'),
(683, 16, 'کنارک'),
(685, 16, 'خاش'),
(689, 16, 'زابل'),
(690, 16, 'زهک'),
(694, 16, 'زاهدان'),
(695, 16, 'سراوان'),
(699, 17, 'آباده'),
(700, 17, 'بوانات'),
(701, 17, 'خرم بید'),
(702, 17, 'نی ریز'),
(703, 17, 'استهبان'),
(704, 17, 'اقلید'),
(705, 17, 'جهرم'),
(706, 17, 'داراب'),
(707, 17, 'زرین دشت'),
(708, 17, 'سپیدان'),
(712, 17, 'شیراز'),
(713, 17, 'فسا'),
(714, 17, 'فیروزآباد'),
(715, 17, 'فراشبند'),
(716, 17, 'قیر'),
(717, 17, 'کارزین'),
(718, 17, 'کازرون'),
(719, 17, 'لارستان'),
(720, 17, 'خنج'),
(723, 17, 'مهر'),
(724, 17, 'مرودشت'),
(725, 17, 'پاسارگاد'),
(726, 17, 'ارسنجان'),
(727, 17, 'ممسنی'),
(729, 18, 'بوئین زهرا'),
(731, 18, 'تاکستان'),
(732, 18, 'قزوین'),
(733, 18, 'آبیک'),
(734, 18, 'البرز'),
(735, 19, 'قم'),
(736, 20, 'بیجار'),
(737, 20, 'سقز'),
(738, 20, 'بانه'),
(739, 20, 'سنندج'),
(740, 20, 'دیواندره'),
(741, 20, 'کامیاران'),
(742, 20, 'قروه'),
(744, 20, 'مریوان'),
(745, 20, 'سروآباد'),
(746, 21, 'بافت'),
(749, 21, 'بم'),
(753, 21, 'جیرفت'),
(754, 21, 'عنبرآباد'),
(755, 21, 'رفسنجان'),
(757, 21, 'زرند'),
(758, 21, 'کوهبنان'),
(759, 21, 'سیرجان'),
(760, 21, 'بردسیر'),
(761, 21, 'شهر بابک'),
(762, 21, 'کرمان'),
(763, 21, 'راور'),
(764, 21, 'کهنوج'),
(765, 21, 'منوجان'),
(766, 21, 'رودبار جنوب'),
(767, 21, 'قلعه گنج'),
(769, 22, 'اسلام آباد غرب'),
(770, 22, 'دالاهو'),
(771, 22, 'پاوه'),
(772, 22, 'جوانرود'),
(773, 22, 'ثلاث باباجانی'),
(774, 22, 'روانسر'),
(777, 22, 'سنقر'),
(778, 22, 'قصر شیرین'),
(779, 22, 'سرپل ذهاب'),
(780, 22, 'گیلان غرب'),
(781, 22, 'کرمانشاه'),
(782, 22, 'کنگاور'),
(783, 22, 'صحنه'),
(784, 22, 'هرسین'),
(785, 23, 'بویراحمد'),
(786, 23, 'دنا'),
(787, 23, 'کهگیلویه'),
(788, 23, 'بهمئی'),
(791, 23, 'گچساران'),
(793, 24, 'رامیان'),
(794, 24, 'آزادشهر'),
(795, 24, 'علی آباد'),
(796, 24, 'کردکوی'),
(797, 24, 'ترکمن'),
(798, 24, 'بندر گز'),
(800, 24, 'گرگان'),
(801, 24, 'آق قلا'),
(802, 24, 'گنبد کاووس'),
(803, 24, 'مینودشت'),
(804, 24, 'کلاله'),
(805, 24, 'مراوه تپه'),
(807, 25, 'آستارا'),
(808, 25, 'آستانه اشرفیه'),
(809, 25, 'بندر انزلی'),
(810, 25, 'رشت'),
(811, 25, 'رودبار'),
(812, 25, 'رودسر'),
(813, 25, 'املش'),
(814, 25, 'صومعه سرا'),
(815, 25, 'طوالش'),
(816, 25, 'رضوانشهر'),
(817, 25, 'ماسال'),
(818, 25, 'فومن'),
(819, 25, 'شفت'),
(820, 25, 'لاهیجان'),
(821, 25, 'سیاهکل'),
(822, 25, 'لنگرود'),
(823, 26, 'الیگودرز'),
(824, 26, 'بروجرد'),
(825, 26, 'پلدختر'),
(826, 26, 'خرم آباد'),
(828, 26, 'دلفان'),
(829, 26, 'سلسله'),
(830, 26, 'دورود'),
(831, 26, 'ازنا'),
(832, 26, 'کوهدشت'),
(834, 27, 'آمل'),
(835, 27, 'بابل'),
(836, 27, 'بابلسر'),
(838, 27, 'بهشهر'),
(839, 27, 'نکا'),
(840, 27, 'گلوگاه'),
(841, 27, 'تنکابن'),
(842, 27, 'رامسر'),
(844, 27, 'ساری'),
(846, 27, 'قائمشهر'),
(847, 27, 'سوادکوه'),
(848, 27, 'جویبار'),
(851, 27, 'نور'),
(852, 27, 'محمودآباد'),
(853, 27, 'نوشهر'),
(854, 27, 'چالوس'),
(856, 28, 'اراک'),
(857, 28, 'کمیجان'),
(859, 28, 'تفرش'),
(860, 28, 'آشتیان'),
(862, 28, 'خمین'),
(863, 28, 'ساوه'),
(864, 28, 'زرندیه'),
(865, 28, 'شازند'),
(866, 28, 'محلات'),
(867, 28, 'دلیجان'),
(868, 29, 'بندر عباس'),
(869, 29, 'قشم'),
(870, 29, 'ابوموسی'),
(871, 29, 'حاجی آباد'),
(872, 29, 'خمیر'),
(873, 29, 'بندر لنگه'),
(874, 29, 'بستک'),
(876, 29, 'میناب'),
(877, 29, 'رودان'),
(878, 29, 'جاسک'),
(881, 30, 'اسدآباد'),
(882, 30, 'بهار'),
(883, 30, 'کبودرآهنگ'),
(884, 30, 'تویسرکان'),
(885, 30, 'رزن'),
(886, 30, 'ملایر'),
(887, 30, 'نهاوند'),
(888, 30, 'همدان'),
(890, 31, 'اردکان'),
(891, 31, 'تفت'),
(892, 31, 'میبد'),
(893, 31, 'مهریز'),
(894, 31, 'بافق'),
(895, 31, 'ابرکوه'),
(896, 31, 'خاتم'),
(898, 31, 'یزد'),
(902, 4, 'اصفهان'),
(903, 17, 'سروستان'),
(904, 17, 'خرامه'),
(905, 17, 'کوار');

-- --------------------------------------------------------

--
-- Table structure for table `content`
--

CREATE TABLE `content` (
  `ContentId` bigint(20) NOT NULL,
  `ContentTitle` varchar(255) COLLATE utf8mb4_unicode_ci NOT NULL,
  `ContentBrief` varchar(512) COLLATE utf8mb4_unicode_ci NOT NULL,
  `ContentDescription` longtext COLLATE utf8mb4_unicode_ci NOT NULL,
  `ContentImage` varchar(2048) COLLATE utf8mb4_unicode_ci NOT NULL,
  `ContentAttachment` varchar(2048) COLLATE utf8mb4_unicode_ci DEFAULT NULL,
  `ContentAuthor` varchar(254) COLLATE utf8mb4_unicode_ci NOT NULL,
  `ContentAuthorPhone` varchar(25) COLLATE utf8mb4_unicode_ci DEFAULT NULL,
  `ContentAuthorEmail` varchar(254) COLLATE utf8mb4_unicode_ci DEFAULT NULL,
  `ContentCategoryId` bigint(20) NOT NULL,
  `ContentStatus` int(11) NOT NULL DEFAULT '0',
  `CreateDateTime` varchar(25) COLLATE utf8mb4_unicode_ci NOT NULL
) ENGINE=InnoDB DEFAULT CHARSET=utf8mb4 COLLATE=utf8mb4_unicode_ci;

--
-- Dumping data for table `content`
--

INSERT INTO `content` (`ContentId`, `ContentTitle`, `ContentBrief`, `ContentDescription`, `ContentImage`, `ContentAttachment`, `ContentAuthor`, `ContentAuthorPhone`, `ContentAuthorEmail`, `ContentCategoryId`, `ContentStatus`, `CreateDateTime`) VALUES
(14, 'مطالعه تطبیقی تجارب کشورها در یکپارچه سازی سیاست گذاری صنعت و تجارت', 'یکپارچه سازی اجرایی و سیاستگذاری صنعت و تجارت ؛ راهبردی برای پیشرفت صنعتی و قدرت صادراتی', '<p><strong>مطالعه تطبیقی تجربیات کشورهای جهان</strong> در یکپارچه سازی اجرایی و <strong>سیاستگذاری حوزه صنعت و تجارت</strong> نشان می دهد که اکثر قریب به اتفاق کشورهای پیشرفته در ابتدای راه صنعتی شدن، از راهبرد <strong>ادغام سیاستگذاری در حوزه صنعت و تجارت</strong> بهره برده اند. بدین ترتیب این کشورها توانسته اند به صورت همزمان به <strong>پیشرفت صنعتی</strong> و <strong>قدرت صادراتی</strong> دست یابند.</p>\n\n<h2>روش پژوهش</h2>\n\n<p>در این پژوهش وضعیت ۵۵ کشور سرآمد دنیا به لحاظ یکپارچگی اجرایی و سیاست گذاری در حوزه <strong>صنعت</strong> و <strong>تجارت</strong>بررسی شده است. داده ها و اطلاعات این پژوهش از وب سایت های رسمی دستگاه های مربوطه در کشورهای گوناگون جمع آوری شده و سپس به صورت تطبیقی مورد تحلیل قرار گرفته است.</p>\n\n<h3>وضعیت ۱۰ کشور شاخص در سیاستگذاری صنعت و تجارت</h3>\n\n<p>در این مطالعه کشورهای آمریکا، ژاپن، آلمان، انگلستان، کره جنوبی، چین، فرانسه، روسیه، ایتالیا، سنگاپور، اندونزی، مالزی، برزیل، ایرلند، تایوان، هنگ کنگ، دانمارک، نروژ، هلند، لهستان، هند، اسپانیا، کانادا، مکزیک، استرالیا، ترکیه، عربستان سعودی، نیجریه، قطر، سوئیس، آرژانتین، سوئد، بلژیک، اتریش، اسلواکی، آفریقای جنوبی، لوکزامبورگ، تایلند، کلمبیا، مصر، فیلیپین، امارات متحده عربی، ویتنام، فنلاند، پرتغال، چک، رومانی، آندورا، استونی، اسلوونی، یونان، ایسلند، شیلی، نیوزلند و اوکراین مورد بررسی قرار گرفته اند. در ادامه وضعیت ۱۰ کشور از موارد فوق مورد بحث قرار می گیرد.</p>\n\n<ol>\n <li><strong>ژاپن</strong>: «وزارت اقتصاد، تجارت و صنعت» تمامی وظایف و اختیارات توسعه اقتصادی و صنعتی کشور را دارا می باشد که پیش از ادغام انرژی با نام «وزارت تجارت بین الملل و صنعت» فعالیت داشته و از موفق ترین الگوهای توسعه صنعتی به وسیله ادغام می باشد.</li>\n <li><strong>کره جنوبی</strong>: «وزارت تجارت، صنعت و انرژی» سیاستگذاری صنعتی، تجاری، فناوری و نوآوری و انرژی را بر عهده دارد. علیرغم وجود «معاونت تجارت و انرژی»، «معاونت صنعت و فناوری» خود دارای سازمان های تجاری برای مدیریت بازرگانی در حوزه صنعت می باشد.</li>\n <li><strong>فرانسه</strong>: «وزارت اقتصاد» مهم ترین وزارت خانه کشور است که وظایف سیاستگذاری فضای کسب و کار، فناوری، صنعت، نوآوری و مدیریت صندوق های ملی، مدیریت امور صادرات و واردات و امور مالیاتی را بر عهده دارد.</li>\n <li><strong>انگلستان</strong>: «وزارت کسب و کار، انرژی و استراتژی صنعتی» با وجود تشکیل «وزارت تجارت بین الملل» علاوه بر سیاست گذاری صنعتی، انرژی، تغییرات آب و هوایی، نوآوری و کسب و کار، وظایف تجاری مرتبط با صنعت نظیر برنامه ریزی صادرات را بر عهده دارد.</li>\n <li><strong>مالزی</strong>: «وزارت تجارت بین الملل و صنعت» مسئول روابط تجاری بین المللی، تجارت راهبردی، صنایع، سرمایه گذاری، تولید، امور کسب و کار و یکپارچه سازی سیاست ها می باشد.</li>\n <li><strong>هلند</strong>: «وزارت امور اقتصادی» وظایف مربوط به امور اقتصادی، صنعت، معدن، تجارت، سیاستگذاری انرژی، کشاورزی، شیلات، توریسم و نوآوری این کشور را بر عهده دارد.</li>\n <li><strong>آلمان</strong>: «وزارت امور اقتصادی و انرژی» با استفاده از ۳ دپارتمان مدیریتی و ۷ دپارتمان تخصصی، تمامی وظایف روابط اقتصادی و تجاری و سیاست گذاری انرژی و بازدهی، صنعتی، کسب و کار و نوآوری را بر عهده دارد.</li>\n <li><strong>برزیل</strong>: «وزارت صنعت، تجارت خارجی و خدمات» مسئول گسترش روابط تجاری، توسعه صنعتی، نوآوری و ایجاد کسب و کار نو می باشد.</li>\n <li><strong>آفریقای جنوبی</strong>: «وزارت تجارت و صنعت» وظایف مربوط به سیاستگذاری فضای کسب و کار، فناوری، صنعت، قانون گذاری، روابط تجاری، مناطق آزاد و ویژه، سرمایه گذاری و صادرات را بر عهده دارد.</li>\n <li><strong>تایوان</strong>: «وزارت امور اقتصادی» مسئول سیاستگذاری و قانون گذاری در حوزه های صنعت، تجارت، سرمایه گذاری خارجی، انرژی، منابع طبیعی، نوآوری و کسب و کار می باشد.</li>\n</ol>\n\n<h3>تحلیل داده ها و اطلاعات به دست آمده</h3>\n\n<p>از بین ۵۵ کشور مورد بررسی در این مطالعه که اسامی آن ها در بالا آمد، ۳۸ کشور یک <strong>وزارت خانه واحد</strong> برای صنعت و تجارت دارند. در نتیجه در این کشورها، سیاست گذاری صنعت و تجارت در یک دستگاه متمرکز است. ۹ کشور دیگر هم علیرغم دارا بودن دو وزارتخانه برای تجارت و صنعت، اما سیاست گذاری تجاری بخش صنعت بر عهده وزارت صنعت است و سیاستگذاری هر دو در یک وزارتخانه انجام می گیرد. بنابراین در ۴۷ کشور از ۵۵ کشور پیشرفته مورد بررسی،<strong>سیاستگذاری صنعت و تجارت به صورت یکپارچه</strong> انجام می گردد.</p>\n\n<p>شایان ذکر است که از بین ۸ کشور باقی مانده هم، باز هم تشکیلات مخصوص و دقیقی برای هم افزایی سیاست های صنعتی و تجاری وجود دارد. مثلا در چین، سازمانی با نام NDRCT نقشی بنیادین در تحقق اهداف صنعتی و تجاری این کشور ایفا نموده است.</p>\n\n<h3>نتیجه گیری</h3>\n\n<p>مطابق تحلیل اطلاعات به دست آمده، در اکثر کشورهای پیشرفته دنیا، سیاست گذاری صنعت و تجارت ذیل یک دستگاه اجرایی (وزارت خانه) انجام می شود. علت این امر، ایجاد هم افزایی در پیشرفت صنعتی و به صورت همزمان افزایش قدرت صادراتی کشورها است. نکته قابل توجه اینکه در اکثر کشورها، ادغام وزارت خانه های تولیدی، صنعتی و تجاری در ابتدای راه صنعتی شدن انجام شده است. بدین ترتیب اینطور می توان نتیجه گرفت که این سیاست یکی از عوامل اصلی رشد و پیشرفت کشورهای مذکور می باشد.</p>\n\n<p>این مطالعه در شبکه کانون های تفکر ایران در سال ۱۳۹۷ انجام شده است.</p>\n', '2de5937e8c58bfc06a80576e54524654_economy-1.jpg', '', 'ادمین', '', '', 22, 1, '1398/06/02 15:31:33'),
(15, 'عارضه یابی و آسیب شناسی وضعیت سهام عدالت', 'دادن اختیار فروش سهام به مردم؛ تنها راه نجات سهام عدالت', '<p>آسیب شناسی وضعیت <strong>سهام عدالت</strong> پس از گذشت بیش از یک دهه از اجرای این طرح، نشان می دهد که با توجه به ساختار پیش بینی شده برای تاثیرگذاری مردم در تصمیم گیری شرکت های سرمایه پذیر سهام عدالت، «<strong>نبود شفافیت و اطلاع رسانی مناسب درباره نحوه تاثیرگذاری مردم</strong>»، «<strong>عدم تخصص و خبرگی نمایندگان سهام عدالت در هیئت مدیره شرکت ها</strong>» و همچنین «<strong>نبود ساز و کار نظارتی بر عملکرد نماینده های سهام عدالت در هیئت مدیره شرکت ها</strong>» مشکلاتی را در رسیدن به اهداف منظور نظر این طرح ایجاد نموده است. به نظر می رسد جهت تعیین تکلیف وضعیت سهام عدالت لازم است پس از <strong>اطلاع رسانی کامل نسبت به عملکرد شرکت های سهام عدالت</strong> و همچنین <strong>بورسی کردن شرکت های غیربورسی سهام عدالت</strong>، <strong>اختیار فروش سهام به مردم</strong> داده شود.</p>\n\n<p><strong>سهام عدالت چیست؟</strong></p>\n\n<p>طرح سهام عدالت، اولین اقدام جدی در راستای تحقق سیاست های کلی اصل ۴۴ قانون اساسی بود که در سال ۱۳۸۵ آغاز شد. مهم ترین اهداف اولیه طرح، توزیع ثروت پایدار در میان مردم در راستای گسترش عدالت اجتماعی و همچنین کاهش نقش دولت در تصدی گری بنگاه های دولتی در راستای افزایش بهره وری اقتصادی آن ها بود. به موجب این طرح، بخشی از سهام ۴۹ شرکت سرمایه پذیر بزرگ دولتی، از طریق شرکت های سرمایه گذاری استانی و تعاونی های شهر و روستا، به مشمولین سهام (۴۹ میلیون نفر از دهک های پایین جامعه) واگذار شد.</p>\n\n<p>از اهداف دیگر سهام عدالت، تسریع در روند خصوصی سازی و انتقال مدیریت از دولت به عموم مردم بود. یعنی دولت قصد داشت با اجرای سهام عدالت، در کنار مالکیت، مدیریت هم به مردم منتقل شود تا از این طریق، مردم خودشان در شرکت های سرمایه پذیر، تصمیم گیرنده اصلی باشند و با در نظر گرفتن منافع ناشی از مالکیت سهام و اعمال حق مدیریت، بهره وری اقتصادی بنگاه را ارتقاء دهند.</p>\n\n<h3>ساختار پیش بینی شده برای تاثیرگذاری مردم در تصمیم گیری شرکت های سرمایه پذیر سهام عدالت</h3>\n\n<p>مدل تاثیرگذاری مردم در تصمیم گیری شرکت های سهام عدالت به این ترتیب است که مردم به عنوان اعضای <strong>تعاونی های عدالت شهر و روستا</strong>، مجمع عمومی تعاونی های عدالت شهر و روستا را تشکیل داده و از میان خود، <strong>هیئت مدیره تعاونی های عدالت شهر و روستا </strong>را انتخاب می کنند. در سطح بعدی، اعضای هیئت مدیره تمامی تعاونی های عدالت شهر و روستای هر استان، مجمع عمومی <strong>شرکت سرمایه گذاری استان </strong>را تشکیل می دهند و از میان خود، <strong>هیئت مدیره شرکت سرمایه گذاری استان</strong> را مشخص می کنند.</p>\n\n<p>در سطح بالاتر، اعضای هیئت مدیره تمامی استان ها، مجمع عمومی <strong>کانون (کشوری) سهام عدالت</strong> را تشکیل می دهند و اعضای <strong>هیئت مدیره کانون (کشوری) سهام عدالت</strong> را از میان خود انتخاب می کنند. هیئت مدیره کانون سهام عدالت، یک یا چند نفر را به عنوان <strong>نماینده سهام عدالت</strong> در هیئت مدیره شرکت های سرمایه پذیر معرفی می کند.</p>\n\n<h3><strong>آسیب شناسی وضعیت سهام عدالت در سال های گذشته</strong></h3>\n\n<p>به گفته بسیاری از کارشناسان، سهام عدالت، بلاتکلیف ترین دارایی کشور محسوب می شود. چرا که علی رغم انتقال مالکیت بخشی از سهام شرکت های مشمول این طرح به مردم در قالب سهام عدالت و تسویه طلب دولت ناشی از این واگذاری از محل سود شرکت ها در مدت ۱۰ ساله معین شده، هنوز مدیریت و سهامداری این ۴۹ شرکت بزرگ به صورت قطعی به مردم واگذار نشده است.</p>\n\n<p>اشکالات اصلی ساختار اداره سهام عدالت در طول سالیان گذشته را می توان موارد ذیل دانست:</p>\n\n<p><strong>عدم شفافیت و اطلاع رسانی مناسب پیرامون نحوه اثرگذاری مردم</strong></p>\n\n<p>عدم شفافیت و اطلاع رسانی مناسب در مورد نحوه اثرگذاری مردم بر مدیریت سهام عدالت، موجب شده است که صندلی هیئت مدیره سهام عدالت (به خصوص در شرکت های سرمایه پذیر) غالبا توسط کسانی پر شده است که دارای رانت اطلاعاتی مناسب بوده اند.</p>\n\n<p>عدم تخصص و خبرگی نماینده سهام عدالت در هیئت مدیره شرکت ها</p>\n\n<p>بر اساس مکانیزم پیش بینی شده در ساختار سهام عدالت، نماینده سهام عدالت در شرکت های سرمایه پذیر توسط اعضای هیئت مدیره کانون انتخاب می شوند. از آنجا که انتخاب خود اعضای کانون، بر اساس تخصص نبوده است و این اعضا غالبا با لابی گری انتخاب می شدند، نماینده های سهام عدالت در شرکت های سرمایه پذیر نیز بدون اینکه تخصص های لازم را داشته باشند، و صرفا بر اساس روابط شخصی با اعضای کانون به مجمع شرکت های سرمایه پذیر معرفی و و وارد هیئت مدیره این شرکت ها می شدند.</p>\n\n<p><strong>نبود ساز و کار نظارتی بر عملکرد نماینده های سهام عدالت در هیئت مدیره شرکت ها توسط کانون سهام عدالت</strong></p>\n\n<p>هیچ ساز و کاری برای نظارت، ارزیابی و تضمین حسن عملکرد و تصمیم گیری نمایندگان سهام عدالت در هیئت مدیره وجود نداشته است. لذا عضو هیئت مدیره هیچ گونه الزامی برای عملکرد مناسب و اتخاذ تصمیم هایی پیرامون بهره وری، افزایش سودآوری شرکت و همچنین عدم انجام فسادهای مالی احساس نمی کرد.</p>\n\n<h3><strong>مدل پیشنهادی مطلوب برای آزادسازی سهام عدالت</strong></h3>\n\n<p>جهت آزادسازی سهام عدالت اتخاذ یکی دو راهبرد کلی «دادن اختیار فروش سهام به مردم» و «سلب اختیار فروش سهام به مردم» ناگزیر است. از آنجا که سلب اختیار فروش سهام از مردم، مستلزم ایجاد یک لایه واسط مدیریتی غیر ذینفع و همچنین نظارت و مدیریت دولت بر شرکت های سرمایه پذیر سهام عدالت است، به نظر می رسد دادن اختیار فروش سهام به مردم، گزینه مناسب تری است و زمینه را برای ورود بخش خصوصی به مدیریت شرکت های سهام عدالت بهتر فراهم می سازد.</p>\n\n<p>بر اساس مطالعات انجام شده در این پژوهش پیشنهاد می شود تا پس از اطلاع رسانی کامل نسبت به عملکرد شرکت های سهام عدالت و همچنین بورسی کردن شرکت های غیربورسی سهام عدالت، اختیار فروش سهام به مردم داده شود. با این کار و به وسیله فراهم شدن مسیر خرید و فروش، می توان هم فرهنگ سهام داری و حفظ دارایی های مولد را بین مردم توسعه داد و هم از طریق خرید و فروش بلوکی سهام عدالت، زمینه ورود بخش خصوصی را به مدیریت بنگاه های سهام عدالت فراهم کرد تا از این طریق، عملکرد اقتصادی بنگاه ها افزایش پیدا کند.</p>\n\n<h3><strong>جمع بندی</strong></h3>\n\n<p>با تمرکز بر ارتقای حاکمیت شرکتی بنگاه ها و بدون اصرار به حفظ اجباری سهام نزد مردم، می توان به مدلی دست یافت که هم منجر به ارتقای عملکرد اقتصادی بنگاه ها شود و هم تا حدودی فرهنگ سهامداری و حفظ دارایی های مولد را در میان مردم توسعه دهد.</p>\n\n<p>این مطالعه در شبکه کانون های تفکر ایران با همکاری علی قربانی و محمدصادق کریمی در سال ۱۳۹۷ انجام شده است.</p>\n', 'e1f26415a6e7294b7bbe5e3db44091cb_____________-________-________-__________-____-________-768x405.jpg', '', 'ادمین', '', '', 22, 1, '1398/06/02 15:33:14'),
(16, 'انتشار نتایج پیمایش رصدی فرهنگ رفتاری و سبک زندگی خانواده ایرانی', 'رصد فرهنگ رفتاری و سبک زندگی خانواده ایرانی در سال 1396 توسط شورای عالی انقلاب فرهنگی', '<p>گزارش رصدی <strong>پیمایش فرهنگ رفتاری خانواده ایرانی</strong> در سال ۹۶ توسط شورای عالی انقلاب منتشر شد. مقصود از <strong>فرهنگ رفتاری</strong> در این پژوهش، رفتارهایی چون مطالعه و سرانه مطالعه، سینما و تئاتر، ورزش، موسیقی و تماشای تلویزیون داخلی، الگوی تغذیه، الگوی پوشش و الگوی ازدواج بوده است. فرهنگ رفتاری را به این معنا می توان زیرشاخه ای از<strong>سبک زندگی</strong> به معنای عام آن در نظر گرفت.</p>\n\n<h3>محدوده پیمایش فرهنگ رفتاری خانواده ایرانی</h3>\n\n<p>این پیمایش که در نقاط شهری و روستایی و برای افراد ۱۵ ساله و بیشتر اجرا شده است، معطوف به سنجش رفتارهای فرهنگی خانواده ایرانی در سال ۱۳۹۶ است.</p>\n\n<h3>فرهنگ رفتاری و رابطه آن با سبک زندگی</h3>\n\n<p>آنچه در این پژوهش تحت عنوان کلی فرهنگ رفتاری در میان خانواده ایرانی و در جمعیت افراد ۱۵ ساله و بیشتر، مورد مطالعه قرار گرفته است، با توجه به شاخص‌های ارزیابی و سنجش این مطالعه، می‌تواند به‌ عنوان زیر شاخه‌ای از سبک زندگی مورد بررسی قرار گیرد. منظور از سبک زندگی نیز، سبک زندگی به‌ معنای عام آن یعنی دامنه‌ای گسترده از رفتارهای فرهنگی شامل مصرف هنری و رسانه‌ای تا عناصر دخیل در فیزیولوژی افراد مثل خوراک و پوشاک و حتی حوزه‌های نگرشی به مقوله‌ای مهم مثل ازدواج است.</p>\n\n<h3>نتایج تحلیل داده های به دست آمده از پیمایش فرهنگ رفتاری خانواده ایرانی</h3>\n\n<p>مطالعه کتاب</p>\n\n<ul>\n <li>حدود ۵۸ درصد افراد ۱۵ ساله و بیشتر باسواد طی سال قبل از آمارگیری، مطالعه کتاب غیردرسی داشته‌اند.</li>\n <li>سرانه مطالعه کتاب غیردرسی افراد ۱۵ ساله و بیشتر، ۷ ساعت و ۴۱ دقیقه در ماه می‌باشد که از این میزان سرانه ماهانه مطالعه قرآن و ادعیه، ۳ ساعت و ۷ دقیقه بوده است.</li>\n <li>مطالعه روزنامه نیز جامعه آماری مورد مطالعه کمتر از ۳۰ درصد است.</li>\n</ul>\n\n<p>سینما و تئاتر</p>\n\n<ul>\n <li>حدود ۱۹ درصد از افراد ۱۵ ساله و بیشتر، در سال قبل از آمارگیری به سینما رفته‌اند.</li>\n <li>حدود ۱‏/۵ درصد از افراد ۱۵ ساله و بیشتر در سال قبل از آمارگیری به تئاتر رفته‌اند.</li>\n <li>تماشای سینما و تئاتر در جامعه آماری مورد تحقیق زیر ۲۰ درصد است.</li>\n</ul>\n\n<p>تماشای تلویزیون</p>\n\n<ul>\n <li>۴‏/۹۱ درصد افراد ۱۵ ساله و بیشتر برنامه‌های سیمای جمهوری اسلامی ایران را تماشا کرده‌اند که ۵‏/۹۹ درصد مخاطبین در روزهای غیرتعطیل و ۹۴ درصد در روزهای تعطیل سیمای جمهوری اسلامی ایران را تماشا کرده‌اند.</li>\n <li>سرانه تماشای برنامه‌های سیمای جمهوری اسلامی ایران توسط افراد ۱۵ ساله و بیشتر، ۴ ساعت و ۵۲ دقیقه در روز بوده است.</li>\n</ul>\n\n<p>موسیقی</p>\n\n<ul>\n <li>۸‏/۶۷ درصد افراد ۱۵ ساله و بیشتر در زمان آمارگیری موسیقی گوش داده‌اند.</li>\n <li>سرانه هفتگی گوش دادن به موسیقی توسط افراد ۱۵ ساله و بیشتر، ۲ ساعت و ۲۱ دقیقه در روز بوده است.</li>\n</ul>\n\n<p>حضور در شبکه های اجتماعی</p>\n\n<ul>\n <li>حدود ۵۳ درصد افراد ۱۵ ساله و بیشتر، عضو شبکه‌های اجتماعی بوده‌اند و سرانه حضور افراد ۱۵ ساله و بیشتر در شبکه‌های اجتماعی، ۱ ساعت و ۴ دقیقه در روز بوده است.</li>\n <li>سرانه حضور ‌این جامعه آماری در شبکه‌ های اجتماعی به ۱ ساعت و ۴ دقیقه در روز رسیده است.</li>\n</ul>\n\n<p>ورزش</p>\n\n<ul>\n <li>حدود ۱‏/۵۱ درصد افراد ۱۵ ساله و بیشتر اعلام کرده‌اند که ورزش می‌کنند.</li>\n <li>سرانه انجام ورزش افراد ۱۵ ساله و بیشتر، ۲۷ دقیقه در روز بوده است.</li>\n <li>نزدیک به نیمی از این افراد گفته‌اند اهل ورزش هستند و سرانه ورزش روزانه این افراد به چیزی نزدیک به نیم‌ساعت در روز رسیده است.</li>\n</ul>\n\n<p>الگوی پوشش و لباس</p>\n\n<ul>\n <li>اولویت ۴‏/۳۴ درصد از افراد ۱۵ ساله و بیشتر در خرید پوشاک، پوشاک تولید داخل و ۶‏/۷ درصد پوشاک خارجی بوده است و برای ۵۸ درصد افراد نیز اولویت خاصی بین پوشاک داخلی و خارجی وجود ندارد.</li>\n <li>نیمی از افراد، اولویتی برای انتخاب پوشاک داخلی و خارجی ندارند و احتمالاً براساس جنس و مدل مورد پسند، لباس‌های خود را در طیفی از تولیدات ایرانی و خارجی انتخاب می‌کنند.</li>\n</ul>\n\n<p>در مورد نحوه تاثیر تبلیغات در انتخاب نوع پوشش و لباس نتایج ذیل به دست آمده است:</p>\n\n<p>‏۸۱.۵ درصد از افراد ۱۵ ساله و بیشتر اعلام کرده‌اند که پوشاک خود را با توجه به ویترین فروشگاه‌های پوشاک انتخاب می‌کنند و همچنین ۳.۱ درصد براساس تبلیغات محیطی، ۷ درصد براساس پیشنهاد دوستان و نزدیکان، ۲.۶ درصد مطابق مد در جامعه، ۲.۰ درصد براساس مشاهده برنامه‌های سیمای جمهوری اسلامی ایران، ۷ درصد با توجه به شبکه‌های اجتماعی و ۱ درصد براساس برنامه‌های ماهواره‌ای، پوشاک خود را انتخاب می‌کنند.</p>\n\n<p>الگوی مصرف مواد غذایی خانواده ایرانی</p>\n\n<ul>\n <li>نزدیک به نیمی از جمعیت نمونه در ماه، مصرف فست‌فود دارند و کمی بیش از همین نیمی از افراد، در هفته مصرف نوشابه داشته‌اند که به‌نوعی مکمل نوشیدنی فست‌فود محسوب می‌شود.</li>\n <li>۸‏/۵۴ درصد افراد ۱۵ ساله و بیشتر، در هفته گذشته نوشابه مصرف کرده‌اند و سرانه هفتگی نوشابه، ۷‏/۱ لیوان بوده است.</li>\n <li>سرانه مصرف ماهی افراد ۱۵ ساله و بیشتر، ۱‏/۲ بار در ماه بوده است و ۴۸ درصد افراد ۱۵ ساله و بیشتر،  اعلام کرده‌اند که در ماه گذشته فست‌فود مصرف کرده‌اند و سرانه مصرف فست‌فود افراد ۱۵ ساله و بیشتر، ۴‏/۱ بار در ماه بوده است.</li>\n <li>۹‏/۷۸ درصد افراد ۱۵ ساله و بیشتر در هفته گذشته شیر مصرف کرده‌اند و سرانه هفتگی مصرف شیر ۷‏/۳ لیوان بوده است.</li>\n</ul>\n\n<p>الگوی ازدواج</p>\n\n<ul>\n <li>مهم‌ترین معضل ازدواج جوانان از دیدگاه افراد ۱۵ ساله و بیشتر، به‌ترتیب نداشتن شغل دائم با ۳۳ درصد، بیکاری با ۳‏/۳۰ درصد، وضع نامناسب مالی سرپرست با ۷‏/۱۲ درصد و مشکل تهیه مسکن با ۲‏/۶ درصد و سپس سایر معضلات با ۸‏/۱۷ درصد بوده است.</li>\n</ul>\n', '13a79d638e276de577807e3ff2371d5d___________-____________-______________-____________-780x405.jpg', '', 'ادمین', '', '', 21, 1, '1398/06/02 15:48:07'),
(17, 'آسیب شناسی صنعت بازی های رایانه ای در ایران', 'تحلیل عاملی مسائل اصلی صنعت بازی های رایانه ای در ایران در دو بخش مسائل داخلی و محیطی', '<p><strong>آسیب شناسی و موانع رشد صنعت بازی های رایانه ای در ایران</strong> که با استفاده از مصاحبه با خبرگان و تکنیک دلفی انجام شده است نشان می دهد که تولید بازی های رایانه ای در ایران با دو دسته «<strong>آسیب ها و مسائل داخلی شرکت های تولید بازی</strong>» و «آ<strong>سیب های محیطی</strong>» مواجه است. از آسیب های داخلی می توان به ضعف در تولید محتوای بومی، ضعف بنیه مالی، ضعف در سواد رسانه ای، عدم توجه به نقش های غیرفنی مانند کارگردانی و صداگذاری و همچنین ضعف های مدیریتی اشاره نمود. در زمینه آسیب های خارجی نیز می توان به مشکلات نظام توزیع، اقبال پایین مخاطب، کمبود نیروی انسانی متخصص، قیمت پایین محصولات خارجی و مشکلات حقوقی و سیاستگذاری کلان اشاره نمود.</p>\n\n<h3>روش شناسی پژوهش</h3>\n\n<p>در این پژوهش از مصاحبه نیمه ساخت یافته با متخصصان و خبرگان صنعت بازی و همچنین تکنیک دلفی استفاده گردید. در ابتدا هشت نفر از افراد صاحب نظر صنعت بازی در کشور در سه دسته زیر انتخاب شدند و مورد مصاحبه قرار گرفتند:</p>\n\n<ol>\n <li>مسئولین بنیاد ملی بازی های رایانه ای؛</li>\n <li>مسئولین شرکت های تولید بازی رایانه ای؛</li>\n <li>افراد دارای سابقه فعالیت های مطالعاتی در حوزه کسب و کار بازی های رایانه ای؛</li>\n</ol>\n\n<p>پس از انجام مصاحبه ها، برای غربال و تدقیق اطلاعات به دست آمده، از تکنیک دلفی استفاده شد. بدین ترتیب که اطلاعات حاصل از مصاحبه ها در قالب یک پرسشنامه بسته و با استفاده از طیف لیکرت پنج تایی در اختیار اعضای پانل دلفی که ۲۱ نفر بودند قرار گرفت. گویه های این پرسشنامه بر اساس آسیب های تشخیص داده توسط خبرگان به دست آمد و اعضای دلفی موافقت خود را با این گویه ها طی سه مرحله و با توزیع سه دور پرسشنامه اعلام کردند. در نهایت اطلاعات به دست آمده مورد تحلیل آماری قرار گرفت.</p>\n\n<h3>مسائل و موانع مستخرج از روش دلفی</h3>\n\n<p>پس از انجام مصاحبه با خبرگان و استفاده از تکنیک دلفی، ۱۱ مسئله و آسیب پیش روی این صنعت شناسایی شد. این آسیب ها به دو دسته «داخلی» و «محیطی» تقسیم بندی شدند.</p>\n\n<p>مسائل و آسیب های داخلی:</p>\n\n<p>مسائل و آسیب های داخلی، مسائلی هستند که مربوط به سیستم داخلی شرکت ها و اداره آن ها است. این آسیب ها عبارتند از:</p>\n\n<ol>\n <li><strong>ضعف در تولید محتوای بومی</strong>: با توجه به غنای بالای فرهنگ بومی ایرانی- اسلامی، سوژه های مناسبی برای تولید بازی در جامعه و فرهنگ ما وجود دارد. در صورت آشنایی بیشتر بازی سازان با این محتوا می توان امیدوار بود که در تولید بازی ها مورد توجه قرار بگیرد.</li>\n <li><strong>ضعف بنیه مالی شرکت های تولید بازی رایانه ای</strong>: شرکت های بازی ساز عمدتا شرکت های کوچک و با سرمایه اندک هستند. این موضوع بر روی کیفیت محصولات ایشان تاثیرگذار است.</li>\n <li><strong>ضعف سواد رسانه ای بازی سازها</strong>: لازم است بازی های رایانه ای به عنوان یک صنعت رسانه ای در نظر گرفته شود و بازی ساز ها هم نیاز به سواد رسانه ای را برای خود تعریف نمایند.</li>\n <li><strong>عدم توجه لازم به نقش های غیرفنی و جزئیات در بازی سازی</strong>: نقش هایی مانند کارگردانی و صداگذاری کمتر در تولید بازی ها در ایران مورد توجه قرار می گیرد و بیشتر به فرآیندهای کامپیوتری توجه می شود.</li>\n <li><strong>ضعف های مدیریتی بازی سازان ایرانی</strong>: شرکت های تولید بازی رایانه ای در ایران، در مدیریت داخلی شرکت ها مانند مدیریت منابع انسانی، سازماندهی، تدوین استراتژی و … همچنین در مدیریت محیط خارجی مانند جذب سرمایه، داده کاوی بازار، بازاریابی و … با مشکلاتی مواجه هستند.</li>\n</ol>\n\n<p>مسائل و آسیب های خارجی:</p>\n\n<p>مسائل و آسیب های خارجی مربوط به مشکلات و موانع محیطی موثر بر فعالان این صنعت هستند. این موارد عبارتند از:</p>\n\n<ol>\n <li><strong>مناسب نبودن نظام توزیع</strong>: توزیع بازی های ایرانی در بازار با محدودیت هایی مواجه است و این بازار حالتی شبه انحصاری دارد.</li>\n <li><strong>اقبال پایین مخاطب به بازی ایرانی</strong>: کاربر ایرانی با تجربه بازی ارزان قیمت خارجی، تمایلی برای هزینه برای بازی های کم کیفیت داخلی ندارد.</li>\n <li><strong>مشکلات جذب و نگهداری نیروی انسانی متخصص در این حوزه</strong>: ضعف مالی شرکت های تولید بازی رایانه ای موجب کاهش جذابیت نیروهای نخبه برای ماندن در این شرکت ها شده است. از طرف دیگر، امنیت شغلی این عرصه نیز پایین است.</li>\n <li><strong>قیمت پایین محصول خارجی در قیاس با بازی ایرانی به دلیل نبود قانون کپی رایت</strong>: به دلیل نبود قانون کپی رایت در ایران، بازی با کیفیت خارجی با قیمتی بسیار پایین تر از قیمت واقعی به دست مصرف کننده می رسد.</li>\n <li><strong>عملکرد غیربهینه بنیاد ملی بازی های رایانه ای</strong>: بنیاد ملی بازی های رایانه ای می تواند به شکل مطلوب و عادلانه تری نقش خود به عنوان متولی اصلی بازی سازی در کشور را ایفا نماید و بین نقش حمایتی و نظارتی خود با ورود در فرآیند تولید بازی مرزهایی قائل شود.</li>\n <li><strong>محدودیت ها و مشکلات قانون و حقوقی و ضعف سیاست گذاری کلان</strong>: در حوزه سیاست گذاری کلان و قوانین تولید بازی های رایانه ای هنوز خلاهای متعددی وجود دارد.</li>\n</ol>\n\n<h3>راهکارهای پیشنهادی:</h3>\n\n<p>با توجه به نتایج به دست آمده، راهکارهای زیر برای حل آسیب ها و مسائل موجود پیشنهاد می شود:</p>\n\n<ol>\n <li><strong>آموزش در شرکت های بازی سازی</strong>: اعم از آموزش در حوزه فنی و هنری، مدیریت پروژه، شناخت بازار، مدیریت منابع انسانی و … . به نظر می رسد لازم است نهادهای حمایتی در این عرصه وارد شوند.</li>\n <li><strong>ایجاد گرایش در شرکت ها بر تولید بازی های موبایلی و آنلاین</strong>: با توجه به شرایط بازار و مشکلات مالی موجود، برای حذف واسطه های توزیع، بهتر است شرکت ها بر روی بازی های موبایلی و آنلاین تمرکز نمایند.</li>\n <li><strong>تسهیل حوزه قانونی و حقوقی صنعت بازی های رایانه ای</strong>: لازم است با استفاده از ظرفیت های دولت الکترونیک برای ساده سازی روندهای حقوقی و قانونی تولید بازی رایانه ای اقدام شود. نهادهای بالادستی از جمله بنیاد ملی بازی های رایانه ای و وزارت ارشاد می توانند در این زمینه نقش آفرینی نمایند.</li>\n</ol>\n\n<p>علاوه بر راهکارهای فوق، توجه به توسعه و مدیریت بهینه نیروی انسانی، تکیه بر محتوای بومی و تمرکز بر روی تبدیل این محتوا به محتوای مناسب بازی رایانه ای، اولویت دادن به جنبه های غیرفنی بازی سازی مانند سناریو پردازی، کارگردانی و … در فرآیند تولید بازی، جلب نظر توزیع کنندگان برای مشارکت در ساخت بازی نیز از راهکارهای قابل ذکر است.</p>\n\n<h3>ریشه شناسی آسیب ها و موانع موجود</h3>\n\n<p>به نظر محققین این پژوهش، مشکل ریشه ای در حوزه بازی سازی در ایران جدی نبودن این حوزه به عنوان یک صنعت با قابلیت سوددهی و درآمد بالا است. بسیاری از مشکلات به نوعی ریشه در این مسئله دارند. نهادهای بالادستی از طرفی چون این حوزه را جدی نمی بیینند و حاضر نیستند برای سیاستگذاری و قانون گذاری دقیق و محکم در این حوزه تلاش کنند. بازی سازان نیز چون نگاهی جدی به صنعت بازی به عنوان یک صنعت واقعی ندارند، زیاد در راستای فعالیت در این حوزه، چهره تجاری قوی به خود نمی گیرند.</p>\n\n<h3>جمع بندی</h3>\n\n<p>حل ریشه ای مشکلات و آسیب های صنعت بازی های رایانه ای، نیازمند شکل گیری تدریجی دیدگاهی جدی نسبت به این صنعت است. البته روند طی شده در این حوزه در سال های اخیر نوید چنین چیزی را می دهد و صنعت بازی در ایران افق روشنی پیش رو دارد.</p>\n\n<p>این مطالعه در پژوهشکده سیاست پژوهی و مطالعات راهبردی حکمت با همکاری جواد جواهری و محمد واعظی نژاد در سال ۱۳۹۴ انجام شده است.</p>\n', '627b73b98b1eb0d4079a6834105def38_________-__________-________-________-______-____________-____-____-__________-780x405.jpg', '', 'ادمین', '', '', 21, 1, '1398/06/02 15:49:01'),
(18, 'رصد کلان حوزه علم، فناوری و نوآوری', 'شناخت هندسه کلان، وضعیت و قواعد کلی، آینده های ممکن و مسئله های نظام علم و فناوری', '<p><strong>رصد کلان حوزه علم، فناوری و نوآوری</strong> روندهای کلی، کارکردها، ساز و کارها، چهارچوب ها و اصول حاکم بر نظام علم و فناوری را از بین تحولات عظیم و گسترده این حوزه کشف می نماید تا به عنوان مبنایی برای تصمیمات و برنامه ها شود. «<strong>هندسه کلان نظام علم و فناوری</strong>»، «<strong>وضعیت و قواعد کلی حاکم بر نظام علم و فناوری</strong>»، «<strong>آینده های ممکن برای توسعه علم و فناوری</strong>» از مواردی است که در رصد کلان حوزه علم و فناوری قابل شناسایی و بیان است. بر این مبنا می توان راهکارهایی برای <strong>مسئله های علم و فناوری در کشور</strong> ارائه نمود.</p>\n\n<h3>ضرورت رصد کلان حوزه علم و فناوری</h3>\n\n<p>امروزه حوزه های مختلف علوم به سرعت ایجاد می‌شوند؛ فناوری های نوظهور به سرعت جای خود را با فناوری های جدیدتر عوض می‌کنند؛ و هر روز و ساعت و دقیقه، حجم انبوهی از اطلاعات علمی و فناورانه تولید می‌شود؛ اما شناخت و احاطه کامل بر همه این داده ها، اطلاعات و تحولات علمی، نه ممکن است و نه منطقی. برای شناخت و رصد کلان حرکت عظیم علمی و فناورانه لازم است چهارچوب ها و اصول حاکم بر آن از سیلان بین این تحولات کشف شود تا بتواند مبنای تصمیم‌گیری و برنامه‌ریزی قرار گیرد.</p>\n\n<h3>اهداف رصد کلان حوزه علم و فناوری</h3>\n\n<p>هدف از این پژوهش، بررسی روندهای کلی، کارکردها، ساز و کارها و آینده نظام علم و فناوری در ایران و سایر کشورهای جهان به منظور رصد کلان حوزه علم و فناوری است. در نهایت هم راهکارهایی به منظور رصد دقیق پیشرفت های علمی و بهره‌گیری از این پیشرفت ها در جهت اهداف نظام و جامعه اسلامی ایران، ارائه می گردد.</p>\n\n<h3>هندسه کلان نظام علم و فناوری موجود</h3>\n\n<p>هندسه کلان نظام علم و فناوری موجود را می توان در سه سرفصل «پیشران های پایه»، «کارکردها» و «ساختارها»ی علم و فناوری ترسیم نمود.</p>\n\n<p>۱- پیشران های پایه علم و فناوری در جهان</p>\n\n<p>پیشران های پایه علم و فناوری که در واقع برآمده از نوع جهانبینی غرب است، بطور کلی تحت چهار عنوان قابل بیان است. این چهار عنوان عبارت است از: ۱- تلاش برای غلبه بر مرگ و فناپذیری انسان؛ ۲- بسط سلطه بشر بر کائنات اعم از زمین، هوا، فضا، جانداران و حتی سایر انسان ها چه از بعد شناختی و چه از بعد قدرت تغییر در آنها؛ ۳- رقابت با سایر انسان ها در برخورداری از منابع مختلف عالم، اعمّ از سرزمین، منابع مالی، منابع انسانی، منابع اطلاعاتی و سایر منابع متصور است؛ ۴- ساختن بهشت موعود و رسیدن به رفاه و لذت حداکثری در این دنیا.</p>\n\n<p>۲- کارکردهای علم و فناوری در جهان</p>\n\n<p>کارکردهای علم و فناوری در راستای پشتیبانی از پیشران های پایه علم و فناوری ایجاد شده است. این کارکردها را بطور کلی می‌توان تحت شش عنوان (چهار کارکرد اصلی و دو کارکرد فرعی) بیان کرد. این شش کارکرد عبارت است از: ۱- جذب و توسعه منابع انسانی متخصص، نخبه و دانش محور؛ ۲- کشف و شناخت جهان هستی؛ ۳-به کنترل در آوردن و استفاده از طبیعت و جهان هستی ۴- تولید ثروت و ارزش‌زایی؛ ۵- جلوگیری از دسترسی دیگران به علم و فناوری؛ و ۶- ایجاد روابط و تعاملات علمی و فناورانه.</p>\n\n<p>۳- ساختارهای نظام علم و فناوری در جهان</p>\n\n<p>ساختارهای نظام علم و فناوری متشکل از اجزایی است که کنار هم سیستم کاملی را تشکیل می­دهد که وظیفه آن انجام شدن فعالیت ها، فرآیندها و ساز و کارهایی است که در راستای تولید کارکردهای علم و فناوری است. ساختارهای نظام علم و فناوری را بطور کلی می‌توان تحت شش عنوان بیان کرد. این شش ساختار کلی عبارت است از: ۱- ساختارهای جذب و نگهداری منابع انسانی ۲- ساختارهای تولید علم؛ ۳- ساختارهای بهره‌برداری از علم؛ ۴- ساختارهای ثروت‌زایی از فناوری؛ ۵- ساختارهای حفظ محرمانگی؛ ۶- ساختارهای تعاملات علمی.</p>\n\n<h3>وضعیت شناسی و قواعد کلی حاکم بر نظام علم و فناوری در جهان</h3>\n\n<p>وضعیت و قواعد کلی حاکم بر نظام علم و فناوری در جهان در سه سرفصل «دسته بندی علوم و فناوری ها»، « توسعه کسب و کارها در بستر فناوری های پایه» و «جهت گیری توسعه فناوری ها» قابل شناسایی است.</p>\n\n<p>۱- دسته‌بندی علوم و فناوری ها</p>\n\n<p>در حال حاضر، علوم در سه دسته «علوم پایه»، «کاربردی» و «علومی که به فناوری تبدیل می‌شوند» قرار می‌گیرند؛ و فناوری ها در دو دسته «فناوری های پایه» و «فناوری های متمرکز روی مسائل خاص و صنایع ویژه».</p>\n\n<p>۲- توسعه کسب‌وکارها در بستر فناوری های پایه</p>\n\n<p>برخی فناوری های پایه – و بطور خاص فناوری اطلاعات و ارتباطات – منجر به این شده‌اند که کسب‌وکارها و ایده های نوآورانه متعددی با سرعت بالا ایجاد شود و توسعه پیدا کند که به طرز عجیبی در حال دگرگون کردن دنیا هستند.</p>\n\n<p>۳- جهت‌گیری توسعه فناوری ها</p>\n\n<p>روند قابل توجهی که امروزه در حوزه علم و فناوری به چشم می‌خورد و در مستندات مختلف ذکر می‌شود، مخصوصاً در حوزه فناوری، «همگرا شدن فناوری ها» است. در چند سال اخیر به دنبال ترکیب و یکپارچه کردن فناوری های مختلف و کاربردهای‌شان هستند که حاصل آن فناوری های بسیار نوین در حوزه ساخت، علوم زیستی و علوم شناختی است.</p>\n\n<h3>آینده های ممکن برای توسعه علم و فناوری</h3>\n\n<p>در مجموع دو رویکرد کلی در مورد آینده علم و فناوری در اسناد مختلف مورد توجه قرار دارد. <strong>رویکرد اول</strong> معتقد است علم و فناوری با همین سرعت و شتابی که گرفته است، حرکت می‌کند و دنیایی حاصل می‌شود که تمام این فناوری ها در اوج خود قرار دارند. طرفداران این رویکرد، بر همین مبنا، ابعاد مختلف زندگی بشری را توصیف می‌کنند.</p>\n\n<p><strong>رویکرد دوم</strong> که یک رویکرد انتقادی نسبت به سرعت و شتاب موجود است و طرفداران این رویکرد در یک طیف از «افرادی که فکر می­کنند فناوری متوقف می‌شود یا بخاطر تبعات منفی اخلاقی، روحی، فرهنگی و زیست­محیطی که فناوری دارد، خود انسان جلوی توسعه آن را می­گیرد» تا «کسانی که معتقدند انسان به جایی می­رسد که فناوری را نابود می­کند و یک برگشت به عقب اتفاق خواهد افتاد» را شامل می‌شود.</p>\n\n<h3>مسئله های دولت ها در حوزه علم و فناوری</h3>\n\n<p>مسائل دولت ها در حوزه علم و فناوری را با توجه به اسناد برنامه ای و سیاستی کشورها می توان به دو دسته «مسئله های ایجابی» و «مسئله های تهدیدی» تفکیک نمود.</p>\n\n<p>مسئله های ایجابی</p>\n\n<ul>\n <li>ایجاد قابلیت مدیریت زیرساخت های فناورانه و بسط حاکمیت در فضای فناورانه؛</li>\n <li>حفظ مالکیت، محرمانه نگه داشتن و جلوگیری از دسترسی دیگران و «استفاده انحصاری از منافع آن بصورت مستقیم و غیرمستقیم؛</li>\n <li>استفاده به موقع از آن در رسیدن به اهداف سیاسی، نظامی، فرهنگی و اقتصادی؛</li>\n <li>استفاده از فناوری ها در توسعه قدرت نظامی برای بازدارندگی یا حتی در برخی موارد برای جنگ و سلطه بر دیگران؛</li>\n <li>مسائل اخلاقی و فرهنگی با هدف کم کردن تهدیدات و مضرات علم و فناوری؛</li>\n <li>تأمین منابع انسانی برای فعالیت های علمی و فناورانه؛</li>\n <li>نحوه تعاملات علمی و فناورانه؛ و …</li>\n</ul>\n\n<p>مسئله های تهدیدی</p>\n\n<ul>\n <li>وارد شدن بنگاه های خصوصی بزرگ به حوزه های علم و فناوری که پیشتر در انحصار دولت ها بوده است؛</li>\n <li>استفاده نامناسب از فناوری ها که ممکن است منجر به آسیب های زیست‌محیطی و سلامتی انسان ها بشود؛</li>\n <li>از بین رفتن مرزهای جغرافیایی در ارتباطات، تعاملات؛</li>\n <li>ایجاد آموزش و همکاری های غیرمادی که خارج از اشراف حاکمیت ها قابل انجام است؛</li>\n <li>عدم امکان پیگیری و مدیریت تعاملات مالی بواسطه توسعه رمز ارزها؛ و …</li>\n</ul>\n\n<h3>راهکارهای پیشنهادی برای مواجهه فعالانه کشور با مسئله های علم و فناوری</h3>\n\n<p>بر اساس چهارچوب ها و قواعد استخراج شده در توسعه علم و فناوری در جهان که در بالا ذکر شد، راهکارهای ذیل برای مواجهه فعالانه کشور با مسائل این حوزه ارائه می گردد. این راهکارها در درجه اول «نظام علم و فناوری» و در درجه دوم «وضعیت علم و فناوری» در کشور را بهبود می دهند. لازم به ذکر است که جنس راهکارها و راه حل های ارائه شده غالبا ساختاری است. این پیشنهادها عبارتند از:</p>\n\n<ul>\n <li>آزاد کردن دسترسی به مستندات علمی</li>\n <li>ایجاد شبکه ارزیابی کور یا پنهان</li>\n <li>ایجاد مؤسسات بین رشته ای اثرگذار</li>\n <li>اصلاح شاخص ها و ساز و کارهای ارزیابی</li>\n <li>استفاده از داده ها در رصد و ارزیابی علم و فناوری</li>\n <li>تعریف دوره‌ای پروژه های استراتژیک علمی و فناوری</li>\n <li>هویت بخشی به گروه های دانش آموزی و دانشجویی</li>\n <li>استقلال در رصد و هدایت نظام علم و فناوری</li>\n</ul>\n\n<h3>جمع بندی</h3>\n\n<p>در این پژوهش جهت رصد کلان حوزه علم، فناوری و نوآوری، هندسه کلان، وضعیت و قواعد کلی، آینده های ممکن و مسئله های حکومت ها در حوزه علم و فناوری مورد بررسی قرار گرفت و بر این اساس پیشنهادهایی برای مواجهه فعالانه کشور با مسئله های علم و فناوری ارائه گردید.</p>\n\n<p> </p>\n\n<p>این مطالعه در شرکت تترا با همکاری یاسر جلالی منش، احمد پورحیدر، احمد خلیلی، امیر رودی و مهدی دیداری در سال ۱۳۹۴ انجام شده است.</p>\n', '1921fc6119c2a72ab1dfdfcf4cda6f95_______-________-________-________-____________-__-____________-780x405__1_.jpg', '', 'ادمین', '', '', 20, 1, '1398/06/02 15:49:38'),
(19, 'عارضه یابی نظام آمار و اطلاعات علم و فناوری کشور', '', '<p>برنامه ریزی و <strong>سیاست گذاری علم و فناوری</strong> در کشور نیازمند یک نظام آمار و اطلاعات دقیق و یکپارچه متشکل از بخش‌های مختلف این نظام است. عمدتا نظام آمار و اطلاعات پیرامون سه موضوع علم ، فناوری و نوآوری به صورت یکجا آورده می‌شود و در بسیاری کشورها نیز این نظام یک نظام یکپارچه و هماهنگ است. این موضوع نشان می دهد که دارا بودن دید جزئی نگر به این بخش ها و ارزیابی مجزای آنها نمی تواند یک دید جامع و صحیح ایجاد نماید. در این سیستم های آمار و اطلاعات علم و فناوری، شاخص ها و ساز و کارها عمدتا اهداف شش گانه زیر را دنبال می کنند:</p>\n\n<ol>\n <li>حوزه ها و رشته هایی که پژوهش و فناوری بر روی آنها متمرکز شده اند. به عبارتی این شاخصها و ساز وکارها به دنبال یافتن و بررسی حوزه های تمرکز علم ، فناوری و نوآوری در یک کشور هستند. خلأها را یافته و وضع مطلوب را از نظر حوزه های علم و فناوری مشخص می کنند.</li>\n <li>تعداد محصولات شامل انتشارات، افراد، محصولات و شرکتهای دانش بنیان، اختراعات و امثال اینها را نشان می دهند.</li>\n <li>تنوع و گستره فعالیتها و نحوه توزیع آنها را مشخص می کنند.</li>\n <li>کیفیت محصولات علمی و فناورانه را معین می کنند. شاخصهایی مثل ارجاع سازو کارهای خبره محور و امثال اینها این هدف را دنبال می کنند.</li>\n <li>الگوهای شبکه های علمی، پژوهشی و نوآوری را نشان می دهند. این الگوها از اهمیت بسیار بالایی در امر سیاست گذاری و شناخت سیستم دارند و مطلوبیتها و الگوهای رفتاری جامعه علمی و فناوری، تعاملات و ارتباطات آنها را نشان می دهند.</li>\n <li>موضوعات داغ یا خاص شاخص ها ، ساز و کار ها و تحلیل های مرتبط با آن ها یا موضوعاتی را که توجه نسبت به آنها زیاد شده یا اهمیت ناگهانی پیدا کرده اند را در سطوح مختلف نشان می دهند و قابلیت رصد موضوعات و دلایل اهمیت یافتن آنها را تعیین می نمایند.</li>\n</ol>\n\n<p>بررسی نظام آمار و اطلاعات علم و فناوری کشور ما نشان می دهد که آنچه در کشور ما تا کنون به آن پرداخته شده است عمدتا شاخص ها و ساز و کارهای «تعدادی» است و در برخی سطوح اهداف را نیز پوشش داده است. در حوزه کیفیت نیز هر چند شاخص های رایج کم و بیش در سطح محصولات مورد ارزیابی قرار می گیرند، اما در ساز و کار هایی که نیاز به شبکه خبرگان موضوع و فرآیند های ارزیابی زمان مبنا و در حوزه غیر از خروجی های ملموس اقدام قابل ملاحظه صورت نگرفته است. در زمینه سایر موارد یعنی ارزیابی تنوع و گستردگی، کشف الگوهای شبکه های علمی و پژوهشی و موضوعات خاص هیچ اقدام یا برنامه ای در کشور انجام یا ارائه نشده است.</p>\n\n<p>بدیهی است که سنجش مواردی که پویایی بالا داشته و نیاز به بروز بودن دائمی دارند از طریق ساز و کار های رایج نظیر خود اظهاری بخش های دوره ای یا فرم های ارزیابی امکان پذیر نیست و لازم است این داده ها از طریق سیستم ها و بسترهای اطلاعاتی که اطلاعات را ثبت و تحلیل می نمایند اصلاح شوند. این بسترها هنوز جایگاه خاصی در کشور ندارند.</p>\n\n<h3>سیاست ها و راهکار های پیشنهادی</h3>\n\n<p>در راستای تحقق اهداف و اصلاح رویکردهای موجود در نظام آمار و اطلاعات علم و فناوری راهبردها و راهکارهای اساسی ذیل ضروری و کارآمد به نظر می‌رسد:</p>\n\n<ul>\n <li>ایجاد سرویس های مطلوبیت زای جاذب اطلاعات برای جامعه علمی و فعالیت های علمی و فناورانه در کشور و جهان؛</li>\n <li>ایجاد سامانه های لازم جهت استفاده از آمار و اطلاعات علم و فناوری در سیاست گذاری و تصمیم سازی و استفاده از روش های مبتنی بر شواهد و واقعیات در سیاست گذاری و تصمیم سازی علم و فناوری و توسعه ابزارهای اطلاعاتی و آماری پشتیبانی کننده این فرایند؛</li>\n <li>طراحی ساز و کارهای تحلیل داده و تولید شاخص ها به صورت پویا در راستای جهت دادن به فعالیت ها و رویکرد های جامعه علمی (نگاه به شاخص ها و ارزیابی به عنوان یک رباینده و نظام دهنده)؛</li>\n <li>بستر سازی برای حضور بخش های غیر حاکمیتی در تولید سرویس های اطلاعاتی علمی و فناورانه و استفاده از اطلاعات تولیدی توسط این سرویس ها؛</li>\n <li>فرهنگ سازی و آموزش در خصوص اهمیت آمار و اطلاعات در تصمیم گیری و تصمیم سازی خصوصا در حوزه علم و فناوری و روش ها و ساز و کارهای مرتبط با آن؛</li>\n <li>استفاده حداکثری از بانک های اطلاعاتی موجود و تحلیل یکپارچه داده ها در جهت تقویت و توسعه فرآیند سیاست گذاری علم و فناوری؛</li>\n <li>ایجاد سیستم های تحلیل علی و معلولی و پویایی سیستم علم و فناوری با مدنظر قراردادن ارتباط و تأثیر این سیستم بر سایر سیستم های کشور نظیر سیستم های اقتصادی ، اجتماعی ، فرهنگی و غیره.</li>\n</ul>\n\n<h3>پیشنهاد اقدامات جهت بهبود نظام آمار و اطلاعات علم و فناوری</h3>\n\n<p>بر اساس این راهبرد ها و راهکار های کلان اقدامات و سبد پروژه زیر برای سیاست گذاران علم و فناوری پیشنهاد می‌شود. با توجه به اینکه این سبد پروژه شامل اقدامات و پروژه های اجرایی است و لازم است زمان بندی مناسب برای آنها انجام شود. این موارد در سه بخش کوتاه مدت، میان مدت و بلند مدت دسته بندی شده است.</p>\n\n<p>اقدامات کوتاه مدت</p>\n\n<ol>\n <li>بررسی نیازهای اطلاعاتی سیاست‌گذاری علم و فناوری در کشور</li>\n <li>ایجاد دسترسی‌ها و تعاملات داده‌ای مناسب با دستگاههای تولید کننده اطلاعات مرتبط و استفاده از پایگاههای داده موجود</li>\n <li>شناسایی فعالان بخش خصوصی که سرویسهای مطلوب در حوزه علم و فناوری ارائه می‌نماید و ایجاد زمینه و ساز وکار تعامل اطلاعاتی با آنها.</li>\n <li>طراحی ساختار اطلاعاتی، فرآیندها و سازوکارهای فرآوری و تحلیل داده‌ها در حوزه سیاست‌گذاری علم و فناوری</li>\n</ol>\n\n<p>اقدامات میان‌ مدت</p>\n\n<ol>\n <li>طراحی و پیاده‌سازی سیستمهای مانیتورینگ، هوشمندی کسب وکار، داشبوردهای مدیریتی و سیستمهای پشتیبان تصمیم و سیاست‌گذاری</li>\n <li>ایجاد شبکه‌های صاحب‌نظران به صورت حقیقی و مجازی برای استفاده در فرایندهای سیاست‌گذاری و آینده‌نگاری علم و فناوری</li>\n <li>طراحی سرویسهای تعاملات علمی و فناورانه جهت ثبت اطلاعات رفتاری جامعه علمی کشور</li>\n <li>ایجاد گلوگاه‎های مناسب برای سامان‌دهی دسترسی جامعه علمی به خدمات بین‌المللی نظیر پرتالهای دسترسی به منابع علمی، خدمات همکاری علمی و غیره</li>\n <li>شناسایی و حمایت غیر مستقیم از مجموعه‌های فعال بخش خصوص ارائه دهنده خدمات علمی و فناورانه و هدایت آنها جهت اخذ و ثبت اطلاعات حداکثری از مخاطبان و خدمت‌گیرندگان.</li>\n</ol>\n\n<p>اقدامات بلند مدت</p>\n\n<ol>\n <li>ساماندهی سازمانها و نهادهای حاکمیتی تولید کننده اطلاعات و ایجاد سیستمهای اطلاعاتی یکپارچه ملی در حوزه علم و فناوری</li>\n <li>ایجاد سیستمهای ارزیابی و نظارت پویا با قابلیت پشتیبانی از مدلها و روشهای مختلف نظارت و ارزیابی و تولید گزارشات با قالبها و در سطوح مختلف</li>\n <li>واگذاری خدمات اطلاعاتی حوزه علم و فناوری نظیر پایگاه‌های اطلاعاتی پایان‌نامه‌ها، پژوهشها، پتنت‌ها و اطلاعات بازار به شرکتها و مؤسسات خصوصی و عمومی دارای صلاحیت</li>\n <li>ایجاد سیستمهای رگولاتوری اطلاعات علم و فناوری برای کنترل و نظارت بر تولید و مصرف آمار و اطلاعات علم و فناوری در کشور</li>\n <li>عملیاتی کردن فرایند مستمر تولید نقشه علم و نقشه دانش کشور در حوزه‌های مختلف</li>\n <li>ایجاد سیستم های اعتباردهی و اعتبار سنجی به مؤسسات، مجموعه‌ها، محصولات، خدمات و تولیدات علمی و فناورانه بر اساس سیستمهای آمار و اطلاعات علم و فناوری</li>\n</ol>\n\n<p>به عنوان جمع بندی، قابل ذکر است که آمار و اطلاعات بمانند قوه‌ی بینایی نظام علم و فناوری در سطح ملی عمل کرده و در صورت عدم پرداختن صحیح به آن حرکت این نظام ملی دچار اختلال خواهد شد. در واقع لازم است تصمیم گیرندگان حوزه علم و فناوری بصیرت و آگاهی خود را از این اطلاعات کسب نموده و تصمیمات خود را برپایه آمارهایی که نشان دهنده‌ی وضعیت موجود و یا پیش بینی کننده‌ی روندهای آینده می‌باشند بنا کنند.</p>\n\n<p>این مطالعه در شبکه کانون های تفکر ایران (ایتان) و شرکت تترا (توسعه تفکر روش آفرین) با همکاری یاسر جلالی منش، محمود کلانتری و امیر رودی در سال ۱۳۹۰ انجام شده است.</p>\n', '0c6b2c70698b93b5d2dde5549fe8381d___________-________-________-________-__-______________-______-__-____________-________-780x405.jpg', '', 'ادمین', '', '', 20, 1, '1398/06/02 15:50:05'),
(20, 'آینده پژوهی عربستان سعودی', 'بررسی مولفه ها و پیشران های اصلی شکل دهنده آینده عربستان سعودی', '<p><strong>آینده پژوهی عربستان سعودی</strong> و بررسی <strong>مولفه ها و پیشران های اصلی شکل دهنده آینده عربستان سعودی</strong> که اصلی ترین بازیگر منطقه ای تاثیرگذار بر منافع و امنیت ملی و منطقه ای جمهوری اسلامی ایران محسوب می شود، بسیار حائز اهمیت است. در این پژوهش با بررسی نظام سیاسی و خاندان حاکم بر عربستان سعودی، وضعیت وهابیت، نقش جریان های معارض، نقش مولفه های اقتصادی، اجتماعی و نظامی- امنیتی و همچنین رویکردهای تاثیرگذار بر سیاست خارجی عربستان، سناریوهایی برای آینده این کشور ترسیم شده است. همچنین با توجه به سناریوهای به دست آمده، پیشنهادهایی به عنوان بذرهایی برای شکل دادن به آینده مطلوب ارائه شده است.</p>\n\n<h3>ضرورت و اهداف پژوهش</h3>\n\n<p>منطقه غرب آسیا در حال حاضر در شرایط گذار و عبور از بحران های متعددی است که هر یک از آن ها به تنهایی از ظرفیت بالایی برای اتلاف منابع کشورهای منطقه، ایجاد خسارت های گسترده و وارد کردن منطقه به جنگی فراگیر و تنش های فرقه ای و قومی مستمر برخوردار است. با در نظر گرفتن هزینه های احتمالی گسترش تنش و منازعه در روابط تهران و ریاض، بررسی رفتارهای آتی عربستان سعودی و روابط آن با جمهوری اسلامی ایران به عنوان یک ضرورت پژوهشی محسوب می شود.</p>\n\n<p>نکته دیگر اینکه رفتارها و سیاست های عربستان سعودی تنها به خود این کشور و یا روابط دو جانبه با ایران محدود نمی شود. بلکه می تواند باعث ایجاد تغییراتی در موازنه قدرت و معادلات منطقه ای شده و به ویژه شرایط غرب آسیا را به سمت و سویی سوق دهد که باعث تشدید بحران های مختلف بین المللی و حتی بهره برداری منفی قدرت های بزرگ و رژیم صهیونیستی شود.</p>\n\n<p>هدف اصلی پژوهش حاضر این است که با بررسی پیشران های اصلی شکل دهنده آینده عربستان، تصویرهایی تا حد ممکن شفاف، واقعی و قابل باور از آینده های محتمل این کشور به دست آید. تصویرهایی که هر یک می تواند نتایج خاصی برای منطقه و پیامدهایی ویژه برای جمهوری اسلامی ایران در پی داشته باشد.</p>\n\n<h3>روش شناسی و مراحل اجرای پژوهش</h3>\n\n<p>در این پژوهش با استفاده از روش تحلیل تاثیرات متقابل و روش سناریوپردازی، سناریوهای محتمل در مورد کشور عربستان سعودی به دست آمده و راهبردهای مناسب ایران در صورت وقوع هر یک از آن ها ارائه می شود.</p>\n\n<h3>نظام سیاسی و خاندان حاکم بر عربستان سعودی</h3>\n\n<p>پادشاهی مطلقه در جهان عرب، منحصر به عربستان سعودی نیست. اما آل سعود این نظام را با ویژگی های خاص و متمایزی درونی کرده است. در قالب این نظام و بر اساس توافق اولیه میان محمد بن عبدالوهاب و محمد بن سعود، آل سعود زمینه ترویج عقاید وهابی را در سرزمین های تحت سلطه خود فراهم کرده و در مقابل، علمای وهابی نیز با تایید حکومت، مشروعیت دینی گسترش سرزمینی دولت سعودی را تامین می کنند.</p>\n\n<p>با این حال و پس از قریب به دو سده، قدرت آل سعود به تدریج بر قدرت علمای وهابی پیشی گرفت و آل سعود به کنشگر اصلی عرصه داخلی تبدیل شد. اگر چه سایر بازیگران و از جمله نهاد مذهبی، جایگاه قدرتمندی در عربستان سعودی دارند، با این حال محوریت آل سعود در تحولات عربستان و روابط پرتنش این خاندان به ویژه بر سر مکانیسم انتقال قدرت، عنصری تعیین کننده در آینده عربستان سعودی است.</p>\n\n<h3>وضعیت وهابیت در عربستان سعودی</h3>\n\n<p>وهابیت یکی از پیشران های مهم و تاثیرگذار بر عربستان سعودی به شمار می رود. اما این جریان که از زمان ظهور خود ایدئولوژی نسبتا واحد و یکپارچه ای داشت، اکنون به لحاظ ایدئولوژیک، فکری و جریانی دچار چندپارگی شده است و وضعیت آن بسیار متفاوت شده است.</p>\n\n<p>در حال حاضر، وهابیت سلفی یا وهابیت در عربستان سعودی را می توان در قالب سه جریان عمده مورد بررسی قرار داد. نخست وهابیت رسمی یا حکومتی است که در پیوستگی و همکاری تنگاتنگ با حکومت است. دوم وهابیت رادیکال و تکفیری که منتقد و نفی کننده حکومت و ساختار برچیدن آن با رویکرد نظامی است. سوم هم وهابیت منتقد و اصلاح گر که در جریان های منتقد نوسلفی ظهور و بروز پیدا کرده است.</p>\n\n<p>به رغم تضعیف تدریجی جایگاه وهابیت رسمی در عربستان و همچنین گسترش مخالفت های معطوف به تفکر وهابی و همچنین افزایش انشعابات و چالش های درونی آن، همچنان وهابیت به عنوان یکی از پایه های نظام سعودی و عنصری ذاتی برای آن است و با حذف کامل وهابیت، تصور کارکرد صحیح نظام سعودی تا حد زیادی غیرممکن به نظر می رسد.</p>\n\n<h3>نقش جریان های معارض در عربستان سعودی</h3>\n\n<p>در نگاه کلان، معارضین یا اپوزسیون ها در عربستان را می توان به دو دسته عمده دینی- مذهبی و سکولار تقسیم کرد. به دلیل اثرگذاری تفکر مذهبی در جامعه عربستان، پایگاه اجتماعی گروه ها و جریان های غیردینی و سکولار همواره محدوده بوده و به طور تاریخی، این جریان ها قدرت ناچیزی برای پیگیری مطالبات خود داشته اند.</p>\n\n<p>در میان جریان های دینی- مذهبی نیز می توان از دو جریان اصلی سخن گفت. جریان مسالمت جو و جریان طرفدار کنش مسلحانه برای اعمال تغییر. این دسته بندی خود تقابل تقسیم به جریان ها و زیرمجموعه های کوچک تر است که از جمله، جریان های طرفدار کنش مسلحانه می توان داعش، القاعده و حزب الله حجاز را نام برد. از میان جریان های جویای کنش مسالمت جو نیز مهم تر از همه جریان صحوه قابل ذکر است.</p>\n\n<p>معارضین عربستان سعودی را می توان به عنوان پیشران اصلی در تهدیدها و امنیت داخلی کشور در نظر گرفت. حوادثی مانند اشغال مسجدالحرام، انتقادهای آشکار علمای جنبش الصحوه همچون سلمان العوده و سفرالحوالی، موج خشونت های سال های ۲۰۰۳ تا ۲۰۰۵ و نیز طرح ترور مقامات سعودی از جمله چالش های عربستان در سال های گذشته است که ریشه در فعالیت های معارضین سیاسی و نظامی دارد.</p>\n\n<h3>نقش پیشران های اقتصادی، اجتماعی و نظامی- امنیتی در آینده عربستان</h3>\n\n<p>بر اساس شرایط جغرافیایی عربستان سعودی و نیز بر مبنای جامعه شناختی قبایل در این کشور، رفاه و امنیت را می توان به عنوان دو عامل کلیدی در زندگی اجتماعی این کشور دانست. در واقع، شکل گیری قبایل در عرسبتان محصول دو مفهومی است که اعراب به منظور دستیابی به آن، جوامع قبیله ای خود را شکل داده اند. بر این اساس، ساختار اقتصادی، اجتماعی و امنیتی- نظامی در عربستان از مهمترین پیشران های شکل دهنده آینده این کشور هستند.</p>\n\n<h3>مسائل، رویکردها و مولفه های تاثیرگذار بر سیاست خارجی عربستان</h3>\n\n<p>رویکردهای سیاست خارجی عربستان در کنار رویکردهای سیاست داخلی آن نقش بسیار مهمی در شکل دهی به آینده این کشور دارند. مولفه های تاثیرگذار بر سیاست خارجی عربستان را در سه سطح داخلی، منطقه ای و بین المللی می توان بررسی نمود.</p>\n\n<p>در سطح داخلی، مولفه هایی چون «نظام سیاسی پادشاهی مطلقه»، «اقتصاد عربستان» و «ایدئولوژی وهابی» تاثیرگذار هستند. در سطح منطقه ای می توان «بحران های منطقه ای»، « آینده روابط ایران و غرب»، « جنبش های دموکراسی خواهی»، «ظهور ریز بازیگران یاغی»، «مساله فلسطین و منازعه فلسطینی- صهیونیستی» را تاثیرگذار دانست. در سطح بین المللی نیز «جابجایی ثقل اقتصاد جهانی» و «تغییر نگاه آمریکا به منطقه غرب آسیا» را می توان از مولفه های تاثیرگذار دانست.</p>\n\n<h3>نتیجه گیری</h3>\n\n<p>مجموع بررسی های انجام شده در خصوص پیشران های عربستان سعودی نشان می دهد که عربستان به عنوان کشوری خاص و شاید منحصر به فرد، مستعد برخی تغییر و تحولاتی است که می تواند آینده این کشور را به گونه ای متفاوت رقم بزند. نکته مهمتر اینکه عربستان آمادگی بسیاری برای بروز و ارائه شگفتی سازهایی دارد که می تواند تبعات بالایی برای منطقه و جمهوری اسلامی ایران داشته باشد.</p>\n\n<p>این مطالعه در موسسه افق آینده پژوهی راهبردی در سال ۱۳۹۴ انجام شده است.</p>\n', '040a7c78a5e55af8c58f9e60b971c2ec___________-__________-______________-__________-780x405.jpg', '', 'ادمین', '', '', 19, 1, '1398/06/02 15:50:38'),
(21, 'پویش « یک مسئله یک راه حل »', 'ارائه ایده های خلاقانه و کارآمد جهت حل مشکلات و مسائل مهم جهان اسلام', '<p>پویش « <strong>یک مسئله یک راه حل </strong>» با رویکرد استفاده از ظرفیت ها و ایده های اندیشه ورزان، نخبگان و نهادهای مدنی غیردولتی برای حل مشکلات، مسائل و بحران های جهان اسلام توسط <strong>موسسه آینده پژوهی جهان اسلام</strong> راه اندازی شده است. هدف از این پویش <strong>شناسایی ایده های خلاقانه</strong> و راهگشا، <strong>تشکیل بانک اطلاعاتی از ایده ها</strong> و <strong>کمک به ایده های کارآمد</strong> جهت اجرایی شدن آن ها است.</p>\n\n<h3>چرا پویش یک مسئله یک راه حل ؟</h3>\n\n<p>اگر چه دولت ها نقش اساسی هم در ایجاد و هم در حل مشکلات جهان اسلام دارند، اما درک واقعی این مشکلات و یافتن راهکارهای عملی برای حل آن ها، نیاز به همفکری اندیشمندان، متفکران و نخبگان دارد. نهادهای مدنی غیردولتی و نیز افرادی که ذهن های خلاق دارند نیز می توانند در این عرصه نقش آفرین باشند و با ایده های بدیع خود می توانند خارج از ساختارهای بروکراتیک و گاه متصلب موجود، جوامع اسلامی را تحت تاثیر قرار داده و متحول نمایند. بنابراین به نظر می رسد لازم است برای حل مشکلات و مسائل موجود، این ظرفیت ها نیز فعال شود و از پتانسیل های موجود حداکثر بهره برداری انجام شود.</p>\n\n<h3>هدف از برگزاری پویش یک مسئله یک راه حل</h3>\n\n<p>موسسه آینده پژوهی جهان اسلام با هدف جذب ایده‌ها و راهکارهای محققان، اندیشمندان و کارشناسان برای حل مسائل و مشکلات امروز ایران و جهان اسلام پویش « یک مسئله یک راه حل » را برگزار می‌کند. شناسایی ایده‌های ناب در راستای یافتن راه‌حل برای بحران‌ها و مشکلات ایران و جهان اسلام، تشکیل بانک اطلاعاتی دسته بندی شده از ایده‌ها و افراد خلاق و کمک به ایده‌های کارآمد برای رسیدن به نتیجه از اهداف برگزاری این پویش است.</p>\n\n<h3>موضوعات پویش</h3>\n\n<p>موضوعات این پویش را کلیه مسائل جهان اسلام در زمینه های اقتصادی، فناوری، فرهنگی، اجتماعی، زیست محیطی و سیاسی در بر می گیرد.</p>\n\n<h3>نحوه مشارکت در این پویش</h3>\n\n<p>اساتید، اندیشمندان، نخبگان و محققان که برای حل مسائل جهان اسلام در این حوزه ها ایده یا راه حلی دارند می توانند در این پویش شرکت نمایند. برای شرکت در این پویش کافی است مسئله مورد نظر و راه حل پیشنهادی در قالب یک ویدئوی ۵ تا ۱۰ دقیقه ای ضبط شده و برای دبیرخانه برگزاری پویش ارسال گردد.</p>\n\n<p>ارسال ویدئو از طریق نرم افزارهای پیام رسان تلگرام، واتس اپ، سروش و بله به شماره ۰۹۰۱۵۱۴۵۱۶۹ و همچنین از طریق آدرس ایمیل info.iiwfs [at] gmail.com امکان پذیر است.</p>\n\n<p>لازم به ذکر است که به ایده های برتر که بتواند برای حل یک مشکل یا بحران راهکاری ارائه دهد، جوایزی اعطا خواهد شد.</p>\n', '865a02ac6e936b1c37aa790f06a6ae5d_________-____-__________-____-______-____-780x405__1_.jpg', '', 'ادمین', '', '', 19, 1, '1398/06/02 15:51:25');
INSERT INTO `content` (`ContentId`, `ContentTitle`, `ContentBrief`, `ContentDescription`, `ContentImage`, `ContentAttachment`, `ContentAuthor`, `ContentAuthorPhone`, `ContentAuthorEmail`, `ContentCategoryId`, `ContentStatus`, `CreateDateTime`) VALUES
(22, 'طراحی الگو و مولفه های اساسی حکمرانی اسلامی', 'طراحی و تبیین مولفه ها و شاخص های اساسی حکمرانی اسلامی و دولت معیار', '<p><strong>الگوی حکمرانی اسلامی</strong>، شیوه حکومتی است که در آن روابط بین اجزای حکومت، مردم و سایر حکومت ها بر اساس مبانی، اصول و روش های اسلامی طرح ریزی شده است. این الگو که بر مبنای نظریه <strong>مردم سالاری دینی</strong> طراحی شده است، به عنوان بدیلی برتر برای مدل « <strong>حکمرانی خوب </strong>» محسوب می شود و می تواند برای ادیان و مذاهب گوناگون مورد استفاده قرار گیرد.</p>\n\n<p>ضرورت پژوهش</p>\n\n<p>آنچه امروز موجب تفاوت و امتیاز جمهوری اسلامی ایران از دیگر کشورهای جهان شده است، تلاش این نظام برای ارائه سبک جدیدی از زندگی، حکومت و حکمرانی است که بر مبنای آموزه های اسلام باشد. این مهم زمانی قابل تحقق است که الگوی حکمرانی اسلامی بر اساس مطلوبیت ها و خواست های اسلام طراحی شده و مولفه ها، اصول و شاخص های آن مشخص شود.</p>\n\n<h3>اهداف پژوهش</h3>\n\n<p>در این پژوهش تلاش می شود که حکمرانی اسلامی به لحاظ مفهومی تبیین شده و ابعاد و حوزه های آن مشخص شود. همچنین، شبکه مفهومیِ مبانی و مولفه های حکمرانی اسلامی تدوین شده و نهایتا شاخص ها و معیارهای حکمرانی اسلامی استخراج گردد.</p>\n\n<h3>روش پژوهش</h3>\n\n<p>در این پژوهش از روش تحقیق توصیفی برای توصیف مشخصه های حکمرانی استفاده شده است. برای جمع آوری اطلاعات نیز از روش مطالعه اسناد و مدارک و روش های متقن تفسیر قرآن کریم و احادیث اهل بیت (ع) استفاده شده است. در نهایت، شاخصه ها با عرضه به قرآن کریم و روایات و دیدگاه اندیشمندان گذشته و معاصر شیعه اعتبارسنجی می شود.</p>\n\n<h3>چیستی حکمرانی اسلامی و دولت معیار</h3>\n\n<p>منظور از « <strong>حکمرانی اسلامی </strong>» شیوه حکومتی است که در آن ابعاد روابط بین حکومت و مردم، تعامل اجزای تشکیل دهنده حکومت و رابطه آن با سایر حکومت ها، در اهداف و سیاست ها، قوانین و خط مشی ها، برنامه ریزی و اجرا و نظارت و ارزیابی <strong>بر اساس مبانی، اصول و روش های اسلامی</strong> تنظیم می گردد. در این چارچوب، <strong>تشکیلات اداری</strong> که با <strong>نرم افزار حکمرانی اسلامی</strong> به تمشیت امور عمومی مردم می پردازد، « <strong>دولت معیار</strong> » نامیده می شود.</p>\n\n<p>بر اساس تعریف فوق، هدف حکمرانی اسلامی را می توان زمینه سازی برای توسعه و تعمیق عقلانیت تهذیب یافته، اخلاق و معنویت گرایی دینی و رشد، تعالی و سعادت انسان و همچنین گسترش برخورداری از زندگی با نشاط، ایمن و سالم، عادلانه، آزاد و کریمانه دانست. بر این مبنا، از آنجا که مفاهیم و آموزه های اسلامی با فطرت انسانی هماهنگی دارد، این الگو می تواند برای ادیان و مذاهب دیگر نیز کارآیی داشته باشد.</p>\n\n<h3>مردم سالاری دینی به عنوان نظریه زیربنایی طراحی حکمرانی اسلامی</h3>\n\n<p>در این پژوهش نظریه مردم سالاری دینی بر اساس قرائت امام خمینی (ره) و مقام معظم رهبری که رابطه امام و امت را تبیین می کند، به عنوان اصل موضوعه و مبنایی برای طراحی الگوی حکمرانی اسلامی استفاده شده است.</p>\n\n<h3>حکمرانی اسلامی به عنوان بدیل برتر حکمرانی خوب</h3>\n\n<p>در این پژوهش مدل حکمرانی اسلامی به عنوان <strong>بدیل برتر مدل حکمرانی خوب</strong>، که مورد تایید و تبلیغ سازمان های جهانی است، مطرح می گردد. حکمرانی اسلامی علی رغم برخی شباهت ها به مدل حکمرانی خوب، در مبانی، اهداف، روش ها و ضوابط تفاوت های اساسی با مدل رقیب دارد. لازم به ذکر است که مدل حکمرانی اسلامی از همه تجارب بشری برای بهینه سازی نظام خود بهره می گیرد و تکنولوژی و روش های مصنوع انسانی را با معیار عقل و وحی سنجیده، سره را از ناسره تشخیص داده و در دستگاه و سیستم و اساس تقوا محور جدید جایابی نموده، کارکرد ویژه آن را باز تعریف می نماید.</p>\n\n<h3>مولفه ها و اصول حکمرانی اسلامی</h3>\n\n<p>اصول و شاخص های حکمرانی اسلامی را می توان در سه مولفه اصلی «روابط حکومت و مردم»، «روابط حکومت با عرصه های سیاسی، اقتصادی و فرهنگی» و «نظام اداری و روابط اجزای حکومت» تبیین نمود. در این پژوهش، اهداف حکمرانی اسلامی در هر مولفه، اصول مربوط به هر مولفه و شاخص های آن معرفی و استخراج شده است.</p>\n\n<p>مولفه اول: روابط حکومت و مردم</p>\n\n<p>اهداف حکمرانی اسلامی در مولفه روابط حکومت و مردم شامل «حداکثرسازی مشارکت مردم و استفاده از نظرات و آراء و مشاوره های مردم، نهادهای مردمی و نخبگان در حوزه تصمیم سازی و تصمیم گیری» و «ایجاد شرایط امر به معروف و نهی از منکر مردم و نهادهای مردمی در حوزه نظارت و کنترل فعالیت ها و عملکرد به منظور ارتقای سطح عملکردی حکومت و کاهش فساد و افزایش اعتماد مردمی و مشروعیت نظام» می باشد. اصول حاکم بر روابط حکومت و مردم در حکمرانی اسلامی عبارتست از:</p>\n\n<ul>\n <li>اصل حاکمیت رابطه رحمانی و خیرخواهی و مهرورزی حکومت نسبت به مردم</li>\n <li>اصل رعایت منافع عمومی</li>\n <li>اصل رعایت افکار و رضایت عمومی</li>\n <li>اصل مشارکت عمومی</li>\n <li>اصل اصلاح و نظارت همگانی؛ امر به معروف و نهی از منکر</li>\n <li>اصل وفاداری و رابطه مسئولانه مردم نسبت به حکومت</li>\n <li>اصل شفافیت، اطلاع رسانی و پاسخگویی</li>\n</ul>\n\n<p>مولفه دوم: روابط حکومت با عرصه های سیاسی، اقتصادی و فرهنگی</p>\n\n<p>اهداف حکمرانی اسلامی در این مولفه، تنظیم روابط حوزه های مختلف سیاسی، اقتصادی، فرهنگی با یکدیگر، حفظ کلیت و انسجام درونی و توسعه و هم افزایی بخش های مختلف نظام است. در این رابطه لازم است «ظرفیت ها و ملاحظات برنامه ها، سیاست ها و تصمیمات از زوایای سیاسی، اقتصادی و فرهنگی»، «توجه به موقعیت و جایگاه فرهنگ، سیاست و اقتصاد و رعایت جایگاه محوری فرهنگ و تربیت الهی» و «توسعه پایدار، افزایش رضایت مردمی و حفظ ارزش های فرهنگی و هویت دینی- ملی» در نظر گرفته شود. ملاحظات مربوط به این مولفه شامل «طراحی، پالایش و بازآفرینی فرهنگی بر اساس اخلاق و معنویت دینی در حوزه فرهنگی»، «رفاه پایدار و عادلانه با حمایت از سرمایه و کار ایرانی در حوزه اقتصادی» و «روابط بین المللی عزت مندانه، حکمت آمیز و مصلحت محور و فعالیت سیاسی آزادانه و امنیت کامل در فضای سیاسی اجتماعی» می باشد. اصول حاکم بر روابط حکومت با عرصه های سیاسی، اقتصادی و فرهنگی در حکمرانی اسلامی عبارتست از:</p>\n\n<ul>\n <li><strong>اصل جهانشمول در همه حوزه ها</strong>: اصل وحدت، هماهنگی و هم افزایی؛</li>\n <li><strong>اصول حوزه سیاست: «</strong>اصل امنیت ملی»، «اصل وفای به عهد و پیمان»، «اصل هم زیستی مسالمت آمیز و مقابله عادلانه با تجاوز»، «اصل رسالت جهانی و حمایت از حق طلبی»، «اصل نفی سلطه»؛</li>\n <li><strong>اصول حوزه اقتصاد: «</strong>اصل فقرزدایی و توجه به محرومین»، «اصل تولید گرایی» و «اصل توسعه گرایی»</li>\n <li><strong>اصل حوزه فرهنگ: </strong>اصل مسئولیت تربیتی و علمی</li>\n</ul>\n\n<p>مولفه سوم: نظام اداری و روابط اجزای حکومت</p>\n\n<p>اهداف حکمرانی اسلامی در مولفه نظام اداری و روابط اجزای حکومت افزایش بهره وری (کارایی و اثربخشی) عقلانیت محور نظام اداری مدیریتی از طریق «شایسته سالاری و جابجایی نخبگان بر اساس اخلاق و عقلانیت»، «مشارکت، مشورت و تخصص محوری در سیاست گذاری کلان و بخشی»، «نظارت، اصلاح و پالایش درونی و مبارزه با فساد» و «مشتری مداری و پاسخگویی نظام اداری» می باشد. اصول حاکم بر نظام اداری و روابط اجزای حکومت در حکمرانی اسلامی عبارتست از:</p>\n\n<ul>\n <li><strong>حوزه سیاست گذاری و قانون گذاری</strong>: اصل شورا و مشورت؛</li>\n <li><strong>حوزه روابط قوا</strong>: «اصل وحدت، هماهنگی و هم افزایی»، «اصل تعدیل قدرت؛ تفکیک وظایف قوا و ارکان نظام و نظارت آنها بر یکدیگر»؛</li>\n <li><strong>حوزه نیروی انسانی: «</strong>اصل رهبری ولی فقیه دین شناس»، «اصل شایسته سالاری»، «اصل ذکر؛ رشد و بهسازی» و «اصل مسئولیت پذیری و خدمتگزاری»؛</li>\n <li><strong>حوزه نظارت و کنترل: «</strong>اصل نظارت آشکار و پنهان»، «اصل نظارت مردمی»، «اصل برخورد و واکنش مناسب»؛</li>\n <li><strong>حوزه فرهنگ سازمانی: «</strong>اصل فرهنگ قانون مداری»، «اصل فرهنگ جهاد و شهادت طلبی»؛</li>\n <li><strong>حوزه منابع مالی</strong>: اصل بهره وری و سلامت مالی؛</li>\n <li><strong>حوزه فسادزدایی</strong>: «اصل مبارزه همه جانبه با فساد، در دو بعد نظری و عملی و در ساحت های سیاسی، اقتصادی و اجتماعی» و «اصل سلامت، قاطعیت و استقلال نظام قضائی»</li>\n</ul>\n\n<p>لازم به ذکر است که در این مطالعه برای هر مولفه شاخص های گوناگونی طراحی شده است، که ذکر همه آنها در حوصله این نوشتار نیست.</p>\n\n<h3>جمع بندی</h3>\n\n<p>از آنجا که حکمرانی اسلامی شیوه اداره و سرپرستی و اعمال ولایت الهی توسط دولت اسلامی است. حکومت و حکمرانی در یک نظام اسلامی و بر مسلمانان در سرزمین های اسلامی دارای مولفه ها، اصول و شاخص هایی است که در این پژوهش تبیین و توصیف گردید.</p>\n\n<p>این مطالعه در مرکز بررسی های استراتژیک ریاست جمهوری با همکاری حسن رضایی، روح الله دهقانی و مهرداد کیانپور در سال ۱۳۹۰ انجام شده است.</p>\n', '442e2d5c31db731f08e8952fc8af16bc___________-________-__-________-______-__________-______________-____________-780x405.jpg', '', 'ادمین', '', '', 18, 1, '1398/06/02 15:52:02'),
(23, 'انجمن گفتگوی شفافیت برای ایران', 'بستر طبقه بندی محتواهای علمی و فنی حوزه شفافیت و گفتگو درباره موضوعات مرتبط با شفافیت', '<p><strong>انجمن گفتگوی شفافیت</strong>، محفلی برای شبکه افراد فعال در حوزه <strong>شفافیت</strong> است تا <strong>محتواها و مطالب علمی</strong> و فنی در این حوزه را به اشتراک بگذارند و درباره آن ها به <strong>بحث و تبادل نظر</strong> بپردازند. در این انجمن که توسط <strong>اندیشکده شفافیت برای ایران</strong> راه اندازی شده است، <strong>مسائل</strong> و <strong>راه حل</strong> های بومی برای مسائل کشور در حوزه <strong>شفافیت</strong>، <strong>مبارزه با فساد</strong> و <strong>تعارض منافع</strong> مطرح می شود. دانش طبقه بندی شده و دسته بندی شده در این انجمن که به تدریج نیز بر آن افزوده می شود، می تواند به عنوان مرجعی برای علاقه مندان به این حوزه مورد استفاده قرار گیرد.</p>\n\n<h3>چرا انجمن گفتگوی شفافیت ؟</h3>\n\n<p>با شکل گیری اندیشکده شفافیت برای ایران، شبکه ای از افراد فعال در حوزه شفافیت ایجاد شده است. در ضمن پژوهش هایی که در این حوزه صورت می گیرد، محتواها و مطالب گوناگونی از منابع مختلف در رابطه با شفافیت جمع آوری می شود و بحث و گفتگوهایی نیز در رابطه با آن ها و همچنین در رابطه با مسائل روز کشور در این حوزه انجام می شود. بدین جهت بستری نیاز است تا بتواند این محتواها را ضمن تولید تدریجی به شکل منسجم و طبقه بندی شده در اختیار افراد قرار دهد؛ بازیابی و جستجو در محتوا را سهولت بخشد؛ امکان دسترسی سایر علاقه مندانی که بعدا وارد این حوزه خواهند شد را از طریق جستجو در وب فراهم سازد؛ و بحث و گفتگوها را مستندسازی کند.</p>\n\n<p>پلتفرم «انجمن گفتگو» یکی از بسترهایی که در سطح جهان برای این موضوع مورد استفاده قرار می گیرد. مثلا «انجمن گفتگوی بنیاد دانش باز» یکی از این نمونه ها است. این انجمن از یک سیستم مدیریت محتوا برای این منظور استفاده می کند. اندیشکده شفافیت برای ایران، این سیستم را بومی سازی نموده و به عنوان بستر نرم افزاری انجمن گفتگوی شفافیت به کار گرفته است.</p>\n\n<h3>اهداف انجمن گفتگوی شفافیت</h3>\n\n<p>یکی از اهداف ایجاد انجمن گفتگوی شفافیت، ایجاد فضایی برای «طبقه بندی دانش حوزه شفافیت» است. مطالب علمی مفیدی که توسط اعضا ضمن پژوهش ها و پروژه های مختلف در منابع گوناگون یافت می شود در این انجمن درج شده، طبقه بندی و دسته بندی می شود. بدین ترتیب مرجعی علمی برای موضوعات مرتبط با شفافیت ایجاد می گردد که افراد بیرونی می توانند از طریق جستجو در فضای وب آن ها را یافته و مورد استفاده قرار دهند.</p>\n\n<p>هدف دیگر انجمن گفتگوی شفافیت، «مستندسازی بحث و گفتگوهای حوزه شفافیت» است. در این انجمن موضوعاتی که بین اعضا مورد بحث قرار می گیرد ثبت و ضبط می شود و بر اساس محتوا دسته بندی می گردد. این گفتگوها می تواند زمینه را برای تولید محتوای بومی در حوزه شفافیت فراهم سازد و سر نخ های مهمی را در رابطه با مسائل کشور در حوزه شفافیت در اختیار قرار دهد. به عبارت دیگر، می توان این انجمن را به عنوان بانک مسائل و ایده های بومی در حوزه شفافیت محسوب نمود.</p>\n\n<h3>موضوعات انجمن گفتگوی شفافیت</h3>\n\n<p>موضوعات اصلی انجمن گفتگوی شفافیت را «شفافیت و موضوعات مرتبط»، «فساد»، «تعارض منافع» و «شفافیت در نهادها و حوزه ها» تشکیل می دهند. البته موضوعات این انجمن در طول زمان و با توجه به میزان محتوا در هر بخش اصلاح و تکمیل شده است. در واقع، مدیریت این انجمن محتواهای درج شده توسط اعضا را بررسی، پالایش و منظم سازی می کند. بنابراین روند کامل تر و دقیق تر شدن دسته بندی ها در آینده نیز ادامه خواهد داشت.</p>\n\n<p>۱. پیرامون شفافیت:</p>\n\n<p>یکی از موضوعات اصلی انجمن گفتگوی شفافیت، خود «شفافیت» است. اگر چه «شفافیت» پدیده ای ساده و همه فهم به نظر می رسد، اما ابعاد و پیچیدگی های تخصصی دارد که دقت‌های حقوقی، سیاسی، اجتماعی، اقتصادی و فنی گسترده ای را می طلبد. در این بخش از انجمن موضوعاتی چون چیستی، چرایی، مبانی، استثنائات، آسیب ها، نظام مسائل و شاخص های مرتبط با شفافیت مورد بحث قرار می گیرد.</p>\n\n<p>۲. پیرامون فساد</p>\n\n<p>شفافیت سریع ترین، ساده ترین، و قابل اعتمادترین ساز و کار برای مبارزه با فساد، هم از بُعد پیشگیری و هم از بُعد کشف جرم، است. بدین جهت شفافیت ارتباط نزدیکی با موضوع فساد و مبارزه با آن را دارد. در این بخش از انجمن، موضوعات پژوهشی مرتبط با فساد مورد بحث قرار می گیرد. مهم ترین این موضوعات عبارتند از: مباحث پایه ای فساد، صنعت مبارزه با فساد، شاخص های ارزیابی، مبارزه با فساد، مصادیق فساد، سوت زنی و نظارت عمومی.</p>\n\n<p>۳. پیرامون تعارض منافع</p>\n\n<p>تعارض منافع از زیربنایی ترین مباحث در حوزه مبارزه با فساد است که ایجاد شفافیت می تواند آن را رفع نماید. علی رغم اینکه در سال های اخیر موضوع شفافیت در کشور ما به صورت ویژه مورد توجه قرار گرفته است، اما موضوع تعارض منافع تاحدی مغفول مانده است. برخی موضوعات مرتبط با تعارض منافع در انجمن شفافیت عبارتند از: چیستی، مبانی، مصادیق، مدیریت تعارض منافع و حقوق تعارض منافع.</p>\n\n<p>۴. شفافیت در نهادها و حوزه ها</p>\n\n<p>پس از پرداختن علمی و فنی به مفهوم «شفافیت»، لازم است این مفهوم به صورت عملی و در سطح نهادها و دستگاه های کشور مورد توجه قرار گیرد. در این بخش از انجمن تلاش می شود کاربست شفافیت در نهادها و حوزه های گوناگون به بحث گذاشته شود. نهادهایی چون مجلس، قوه  قضائیه، دولت، شورای اسلامی شهر، شهرداری، شورای نگهبان، نهادهای تنظیم گر، نهادهای عمومی غیر دولتی، صنایع استخراجی، گردشگری، بخش خصوصی، نهادهای خیریه، و نهادهای مرتبط با نظام های آموزش، سلامت، رسانه، اقتصاد و مالیات در اینجا موضوع ایجاد شفافیت در عمل هستند.</p>\n\n<p>۵. موضوعات مرتبط با شفافیت</p>\n\n<p>ایجاد شفافیت در نظام حکمرانی کشور ثمرات گوناگونی از جمله افزایش مسئولیت پذیری و پاسخگویی، ارتقاء شایسته سالاری، مشارکت فعال و مؤثر مردمی، افزایش کارآمدی و سرمایه ی اجتماعی به همراه دارد. بنابراین شفافیت موضوعی است که با شبکه ای از موضوعات گوناگون حوزه حکمرانی مرتبط است.</p>\n\n<p>در این بخش موضوعات مرتبط با شفافیت مورد بحث قرار می گیرد. این موضوعات عبارتند از: حکومت  باز، داده  باز، قانون سپاری، جمع سپاری، چالش، فناوری شهروندی، دولت به مثابه پلتفرم، درستی سنجی، زنجیره بلوک، دولت الکترونیک، نوآوری باز، دانش  باز، مصورسازی داده، فناوری نرم، اقتصاد رفتاری، حاکمیت و شهر هوشمند، اقتصاد سیاسی، حکمرانی خوب، پاسخگویی، تنظیم گری، مطالبه گری، حاکمیت شرکتی.</p>\n\n<p>۶. فعالین شفافیت</p>\n\n<p>اقدامات و تجربیات بومی خرد و کلان افراد فعال در حوزه شفافیت که در گروه ها و مجموعه های گوناگون ملی و محلی مشغول به فعالیت هستند می تواند به عنوان الگو و الهام بخش سایرین باشد. در این بخش درباره این تجربه ها و اقدامات گفتگو می شود.</p>\n\n<h3>دستاوردهای انجمن گفتگوی شفافیت</h3>\n\n<p>انجمن گفتگوی شفافیت دستاوردهای مهمی داشته است. در این انجمن تاکنون حدود ۵۰۰۰ نوشته در ۷۵۰ موضوع ایجاد شده است. به طوری که در هر ماه تقریبا ۲۵۰ مطلب تولید می شود. این انجمن تا به حال حدود ۲۰۰ کاربر داشته است که حدود یک چهارم آن ها در ماه گذشته فعال بوده اند. برخی موضوعات این انجمن به مرجع اصلی محتوا در آن حوزه تبدیل شده است. مثلا موضوع «شفافیت چیست» تابحال تنها ۴۰۰۰ ورودی از موتور جستجوی گوگل داشته است. با شناخته تر شدن این موضوع در بین نخبگان و عموم جامعه سایر محتواهای این انجمن نیز بیشتر مورد استفاده کاربران قرار خواهد گرفت.</p>\n\n<h3>جمع بندی</h3>\n\n<p>انجمن گفتگوی شفافیت برای ایران به عنوان محلی برای جمع آوری و طبقه بندی موضوعات و مباحث دانش شفافیت و همچنین مستندسازی مباحث شکل گرفته حول این موضوع است. این انجمن با ایجاد شبکه ای از فعالان این حوزه توانسته است بستر اولیه مناسبی برای بحث و گفتگوی تخصصی و جمع آوری مسائل و ایده های بومی شفافیت ایجاد نماید.</p>\n', 'ab889cc95dfef3a31d3857925d26f74b___________-____________-____________-________-__________-780x405.jpg', '', 'ادمین', '', '', 18, 1, '1398/06/02 15:53:15'),
(24, 'تدوین نقشه راه پیاده سازی مدیریت یکپارچه منابع عمومی', '', '<p>مدیریت یکپارچه منابع طبیعی به مدیریت منابعی همچون زمین، آب، خاک، گیاهان و حیوانات اشاره دارد و تمرکز آن بر کیفیت زندگی نسل حاضر و نسل‌های آتی می‌باشد. مدیریت یکپارچه منابع طبیعی کنش‌ متقابل طبیعت و انسان‌ها را مورد نظر قرار داده و برنامه‌ریزی کاربری زمین، مدیریت آب، حفاظت از تنوع زیستی و صنایع پایدار آینده مانند کشاورزی، معدن، گردشگری، ماهیگیری و جنگلداری را در بر دارد. مدیریت یکپارچه منابع طبیعی با مفهوم توسعه پایدار نیز گره خورده است. به این ترتیب که همزمان تلاش می‌کند تا تمامی ذینفعان ممکن را از سطح برنامه‌ریزی هماهنگ کند تا به این طریق تعارضات احتمالی آینده را کاهش دهد. دست‌اندرکاران کلیدی در مدیریت یکپارچه منابع طبیعی را می‌توان دولت (در سه سطح ملی، استانی و محلی)، بخش عمومی (شامل گردشگری، کشاورزی، صنایع غذایی و …)، بخش خصوصی، جوامع محلی، جوامع مدنی و سازمان‌های مردم‌نهاد دانست.</p>\n\n<p>نقشه راه پیاده‌سازی مدیریت یکپارچه منابع طبیعی از ۴ مرحله تشکیل شده است که این مراحل به صورت یک سیکل به دنبال بهبود وضعیت مدیریت منابع طبیعی از طریق ایجاد یکپارچگی و مشارکت ذینفعان در سطوح مختلف می‌باشد. مرحله اول فرآیند پیاده‌سازی مربوط به شناخت است. این مرحله با مطالعه وضعیت موجود آغاز می‌گردد. همچنین وضع مطلوب و استانداردهای لازم تعریف می‌شوند تا شکاف بین وضع موجود و مطلوب مشخص شود. توجه به ویژگی‌های اجتماعی و اقتصادی از دیگر نکات قابل توجه در این مرحله می‌باشد. مرحله دوم برنامه‌ریزی‌ است. در این مرحله چشم‌انداز مطلوب تدوین می‌شود و ساختارها و نظام‌های مشارکتی طراحی می‌شود و ابزارهای مدیریتی نیز توسعه می‌یابند. مرحله بعد مربوط به اجرای برنامه‌ها و پیاده‌سازی نظام‌های گوناگون مدیریت یکپارچه منابع طبیعی است و دستورالعمل‌ها و آئین‌نامه‌ها تدوین می‌شوند و نظام‌ها و راهبردها پیاده‌سازی می‌شوند. مرحله چهارم نیز به پایش و ارزیابی مربوط است. البته پایش و ارزیابی در دل تمامی مراحل پیشین نیز وجود دارد و یک فرآیند بهبود مستمر را پشتیبانی می‌کند.</p>\n\n<p>در این مطالعه با توجه به موارد فوق‌الذکر پروژه‌های مدیریت یکپارچه منابع طبیعی در قالب یک سبد ۶ پروژه‌ای ارائه شده‌اند. این پروژه‌ها عبارتند از:</p>\n\n<ol>\n <li>انجام مطالعات جامع محیطی و تبیین پیش‌نیازهای پیاده‌سازی مدیریت یکپارچه</li>\n <li>طراحی و پیاده‌سازی نظام‌های مدیریت و سیاستگذاری</li>\n <li>طراحی و مدیریت توانمندسازی ساختارها</li>\n <li>مدیریت دانش و اطلاعات و طراحی و استقرار سیستم‌های دینامیک پشتیبان مدیریت</li>\n <li>همگانی‌سازی، ترویج و ارتقای آگاهی‌های عمومی</li>\n <li>پیاده‌سازی و مدیریت نظام پایش و ارزیابی</li>\n</ol>\n\n<p>این مطالعه در سال ۱۳۹۲در بنیاد توسعه فردا و به سفارش سازمان جنگل‌ها، مراتع و آبخیزداری کشور انجام شده است.</p>\n', 'ed0ac92bdc7fcffec1f249ad8335a791___________-________-______-___________________-____________-______________-__________-__________-780x405.jpg', '', 'ادمین', '', '', 16, 1, '1398/06/02 15:54:03');

-- --------------------------------------------------------

--
-- Table structure for table `content_category`
--

CREATE TABLE `content_category` (
  `CategoryId` int(11) NOT NULL,
  `CategoryTitle` varchar(254) COLLATE utf8mb4_unicode_ci NOT NULL
) ENGINE=InnoDB DEFAULT CHARSET=utf8mb4 COLLATE=utf8mb4_unicode_ci;

--
-- Dumping data for table `content_category`
--

INSERT INTO `content_category` (`CategoryId`, `CategoryTitle`) VALUES
(10, 'دفاع و امنیت'),
(11, 'توسعه شهری و منطقه ای'),
(12, 'محیط زیست'),
(14, 'آموزش'),
(15, 'سلامت و بهداشت'),
(16, 'کشاورزی و آب'),
(17, 'انرژی'),
(18, 'حکمرانی'),
(19, 'سیاست خارجی'),
(20, 'علم و فناوری'),
(21, 'اجتماعی فرهنگی'),
(22, 'اقتصادی');

-- --------------------------------------------------------

--
-- Table structure for table `election_location`
--

CREATE TABLE `election_location` (
  `ElectionId` int(11) NOT NULL,
  `ElectionName` varchar(254) CHARACTER SET utf8mb4 COLLATE utf8mb4_unicode_ci NOT NULL,
  `ElectionStateId` bigint(20) NOT NULL
) ENGINE=InnoDB DEFAULT CHARSET=latin1;

--
-- Dumping data for table `election_location`
--

INSERT INTO `election_location` (`ElectionId`, `ElectionName`, `ElectionStateId`) VALUES
(7, 'اهر و هریس', 1),
(8, 'بستان آباد', 1),
(9, 'بناب', 1),
(10, 'تبریز ، آذرشهر و اسکو', 1),
(11, 'سراب', 1),
(12, 'شبستر', 1),
(13, 'کلیبر، خدا آفرین و بخش هوراند', 1),
(14, 'مراغه ، عجب شیر', 1),
(15, 'مرند و جلفا', 1),
(16, 'ملکان', 1),
(17, 'میانه', 1),
(18, 'هشترود و چاراویماق', 1),
(19, 'ورزقان', 1),
(20, 'ارومیه', 2),
(21, 'بوکان', 2),
(22, 'پیرانشهر و سردشت', 2),
(23, 'خوی و چایپاره', 2),
(24, 'سلماس', 2),
(25, 'ماکو، چالدران، پلدشت و شوط', 2),
(26, 'مهاباد', 2),
(27, 'میاندوآب و تکاب', 2),
(28, 'شاهین دژ', 2),
(29, 'نقده و اشنویه', 2),
(30, 'اردبیل ، نمین، نیر و سرعین', 3),
(31, 'پارس آباد و بیله سوار', 3),
(32, 'خلخال و کوثر', 3),
(33, 'گرمی', 3),
(34, 'مشگین دشت', 3),
(35, 'اردستان', 4),
(36, 'اصفهان', 4),
(37, 'شاهین شهر، میمه و برخوار', 4),
(38, 'خمینی شهر', 4),
(39, 'سمیرم', 4),
(40, 'شهرضا، دهاقان و دهستان دره شور', 4),
(41, 'فریدن، چادگان ، فریدونشهر،بوئین و میاندشت', 4),
(42, 'فلاورجان', 4),
(43, 'کاشان و آران بیدگل', 4),
(44, 'گلپایگان و خوانسار', 4),
(45, 'لنجان', 4),
(46, 'مبارکه', 4),
(47, 'نایین،خور و بیابانک', 4),
(48, 'نجف آباد ، تیران و کرون', 4),
(49, 'نطنز و بخش قمصر', 4),
(50, 'ساوجبلاغ ، نظرآباد و طالقان', 5),
(51, 'کرج، اشتهارد و فردیس', 5),
(52, 'ایلام،ایوان،چرداول،مهران، ملکشاهی و شیروان', 6),
(53, 'دهلران ، دره شهر، آبدانان و بدره', 6),
(54, 'بوشهر ، گناوه و دیلم', 7),
(55, 'دشتستان', 7),
(56, 'دشتی و تنگستان', 7),
(57, 'کنگان، دیر، جم و عسلویه', 7),
(58, 'پاکدشت', 8),
(59, 'تهران،ری،شمیرانات، اسلامشهر و پردیس', 8),
(60, 'دماوند و فیروزکوه', 8),
(61, 'رباط کریم و بهارستان', 8),
(62, 'شهریار، قدس و ملارد', 8),
(63, 'ورامین، پیشوا و قرچک', 8),
(64, 'اردل،فارسان،کوهرنگ، کیار و دهستان دستگرد', 9),
(65, 'بروجن', 9),
(66, 'شهرکرد،بن و سامان', 9),
(67, 'لردگان', 9),
(68, 'بیرجند، درمیان و خوسف', 10),
(69, 'قائنات و زیرکوه', 10),
(70, 'نهبندان و سربیشه', 10),
(71, 'فردوس ، سرایان، طبس و بشرویه', 10),
(72, 'تربت جام ، تایباد و باخرز', 11),
(73, 'تربت حیدریه ، مه ولات وزاوه', 11),
(74, 'چناران و بینالود', 11),
(75, 'خواف و رشتخوار', 11),
(76, 'درگز', 11),
(77, 'سبزوار، جغتاي، جوین، خوشاب و داورزن', 11),
(78, 'فریمان،سرخس، بخشهاي احمد آبادورضویه', 11),
(79, 'قوچان و فاروج', 11),
(80, 'کاشمر، خلیل آباد و بردسکن', 11),
(81, 'گناباد و بجستان', 11),
(82, 'مشهد و کلات', 11),
(83, 'نیشابور و فیروزه', 11),
(84, 'اسفراین', 12),
(85, 'بجنورد ، مانه، سملقان،جاجرم،گرمه ، راز و جرگلان', 12),
(86, 'شیروان', 12),
(87, 'آبادان', 13),
(88, 'اندیمشک', 13),
(89, 'اهواز ، باوی، حمیدیه و کارون', 13),
(90, 'ایذه و باغملک', 13),
(91, 'بندرماهشهر ، امیدیه ،هندیجان و بخش جولکی', 13),
(92, 'بهبهان و آغاجاری', 13),
(93, 'خرمشهر', 13),
(94, 'دزفول', 13),
(95, 'دشت آزادگان و هویزه', 13),
(96, 'رامهرمز و رامشیر', 13),
(97, 'شادگان', 13),
(98, 'شوش', 13),
(99, 'شوشتر و گتوند', 13),
(100, 'مسجدسلیمان ، لالی، هفتگل و اندیکا', 13),
(101, 'ابهر ، خرمدره و سلطانیه', 14),
(102, 'خدابنده', 14),
(103, 'زنجان و طارم', 14),
(104, 'ماهنشان ، ایجرود ، دهستانهای بوغداکندی و قلتوق', 14),
(105, 'دامغان', 15),
(106, 'سمنان ،مهدی شهر، سرخه و شهمیرزاد', 15),
(107, 'شاهرود،میامی و بسطام', 15),
(108, 'گرمسار و آرادان', 15),
(109, 'ایرانشهر،سرباز، دلگان، فنوج ، بخشهای بنت، لاشار، آشار و آهوران', 16),
(110, 'چابهار ، نیک شهر، کنارک و قصرقند', 16),
(111, 'خاش، میرجاوه، بخشهای نصرت آباد وکورین', 16),
(112, 'زابل ، زهک،هیرمند،نیمروز و هامون', 16),
(113, 'زاهدان', 16),
(114, 'سراوان ،سیب ، سوران و مهرستان', 16),
(115, 'آباده ، بوانات و خرم بید', 17),
(116, 'نی ریز و استهبان', 17),
(117, 'اقلید', 17),
(118, 'جهرم', 17),
(119, 'داراب و زرین دشت', 17),
(120, 'سپیدان', 17),
(121, 'سروستان ، خرامه و کوار', 17),
(122, 'فسا', 17),
(123, 'فیروزآباد، فراشبند و قیر و کارزین', 17),
(124, 'کازرون', 17),
(125, 'لارستان ، خنج و گراش', 17),
(126, 'لامرد و مهر', 17),
(127, 'مرودشت ، پاسارگاد و ارسنجان', 17),
(128, 'ممسنی و رستم', 17),
(129, 'بوئین زهرا و آوج', 18),
(130, 'تاکستان', 18),
(131, 'قزوین ، آبیک و البرز', 18),
(132, 'قم', 19),
(133, 'بیجار', 20),
(134, 'سقز و بانه', 20),
(135, 'سنندج ، دیواندره و کامیاران', 20),
(136, 'قروه و دهگلان', 20),
(137, 'مریوان و سروآباد', 20),
(138, 'بافت، رابر و ارزوئیه', 21),
(139, 'بم، ریگان، فهرج و نرماشیر', 21),
(140, 'جیرفت و عنبرآباد', 21),
(141, 'رفسنجان وانار', 21),
(142, 'زرند و کوهبنان', 21),
(143, 'سیرجان و بردسیر', 21),
(144, 'شهربابک', 21),
(145, 'کرمان و راور', 21),
(146, 'کهنوج ، منوجان، رودبار جنوب، قلعه گنج و فاریاب', 21),
(147, 'اسلام آباد غرب و دالاهو', 22),
(148, 'پاوه،جوانرود،ثلاث باباجانی، روانسر و دهستانهاي سر قلعه و جیگران', 22),
(149, 'سنقر', 22),
(150, 'قصرشیرین،سرپل ذهاب وگیلانغرب', 22),
(151, 'کرمانشاه', 22),
(152, 'کنگاور ، صحنه وهرسین', 22),
(153, 'بویراحمد و دنا', 23),
(154, 'کهگیلویه ، بهمئی،چرام و لنده', 23),
(155, 'گچساران و باشت', 23),
(156, 'رامیان و آزادشهر', 24),
(157, 'علی آباد', 24),
(158, 'کردکوي، ترکمن، بندرگز وگمیشان', 24),
(159, 'گرگان و آق قلا', 24),
(160, 'گنبد کاووس', 24),
(161, 'مینودشت، کلاله، مراوه تپه و گالیکش', 24),
(162, 'آستارا', 25),
(163, 'آستانه اشرفیه', 25),
(164, 'بندرانزلی', 25),
(165, 'رشت', 25),
(166, 'رودبار', 25),
(167, 'رودسر و املش', 25),
(168, 'صومعه سرا', 25),
(169, 'طوالش ، رضوانشهر و ماسال', 25),
(170, 'فومن و شفت', 25),
(171, 'لاهیجان و سیاهکل', 25),
(172, 'لنگرود', 25),
(173, 'الیگودرز', 26),
(174, 'بروجرد', 26),
(175, 'پلدختر', 26),
(176, 'خرم آباد ودوره', 26),
(177, 'دلفان و سلسله', 26),
(178, 'دورود و ازنا', 26),
(179, 'کوهدشت و رومشکان', 26),
(180, 'آمل', 27),
(181, 'بابل', 27),
(182, 'بابلسر و فریدونکنار', 27),
(183, 'بهشهر و نکا و گلوگاه', 27),
(184, 'تنکابن ، رامسر و عباس آباد', 27),
(185, 'ساری و میاندورود', 27),
(186, 'قائمشهر،سوادکوه، جویبار، سیمرغ', 27),
(187, 'نور و محمودآباد', 27),
(188, 'نوشهر ، چالوس و کلاردشت', 27),
(189, 'اراك ، کمیجان و خنداب', 28),
(190, 'تفرش ، آشتیان و فراهان', 28),
(191, 'خمین', 28),
(192, 'ساوه و زرندیه', 28),
(193, 'شازند', 28),
(194, 'محلات و دلیجان', 28),
(195, 'بندرعباس،قشم ، ابوموسی ، حاجی آباد و خمیر', 29),
(196, 'بندرلنگه و بستک و پارسیان', 29),
(197, 'میناب ، رودان، جاسک،سیریک وبشاگرد', 29),
(198, 'اسدآباد', 30),
(199, 'بهار و کبودرآهنگ', 30),
(200, 'تویسرکان', 30),
(201, 'رزن', 30),
(202, 'ملایر', 30),
(203, 'نهاوند', 30),
(204, 'همدان وفامنین', 30),
(205, 'اردکان', 31),
(206, 'تفت و میبد', 31),
(207, 'مهریز،بافق،ابرکوه، خاتم وبهاباد', 31),
(208, 'یزد ،اشکذر، بخش ندوشن و دهستان سورک', 31);

-- --------------------------------------------------------

--
-- Table structure for table `election_location_city`
--

CREATE TABLE `election_location_city` (
  `RowId` int(11) NOT NULL,
  `ElectionId` bigint(20) NOT NULL,
  `ElectionCityId` bigint(20) NOT NULL
) ENGINE=InnoDB DEFAULT CHARSET=latin1;

--
-- Dumping data for table `election_location_city`
--

INSERT INTO `election_location_city` (`RowId`, `ElectionId`, `ElectionCityId`) VALUES
(21, 7, 444),
(22, 7, 445),
(23, 8, 446),
(24, 9, 447),
(25, 10, 448),
(26, 10, 449),
(27, 10, 450),
(28, 11, 451),
(29, 12, 452),
(30, 13, 453),
(31, 14, 456),
(32, 14, 457),
(33, 15, 458),
(34, 15, 459),
(35, 16, 460),
(36, 17, 461),
(37, 18, 462),
(38, 18, 463),
(39, 19, 464),
(40, 20, 465),
(41, 21, 466),
(42, 22, 467),
(43, 22, 468),
(44, 23, 469),
(45, 24, 471),
(46, 25, 472),
(47, 25, 473),
(48, 26, 476),
(49, 27, 477),
(50, 27, 479),
(51, 28, 478),
(52, 29, 480),
(53, 29, 481),
(54, 30, 482),
(55, 30, 483),
(56, 30, 484),
(57, 30, 485),
(58, 31, 486),
(59, 31, 487),
(60, 32, 488),
(61, 32, 489),
(62, 33, 490),
(64, 34, 491),
(65, 35, 492),
(66, 36, 902),
(67, 37, 493),
(68, 37, 494),
(69, 37, 495),
(70, 38, 496),
(71, 39, 497),
(72, 40, 498),
(73, 41, 501),
(74, 41, 502),
(75, 41, 503),
(76, 42, 506),
(77, 43, 507),
(78, 43, 508),
(79, 44, 509),
(80, 44, 510),
(81, 45, 511),
(82, 46, 512),
(83, 47, 513),
(84, 48, 516),
(85, 48, 517),
(86, 48, 518),
(87, 49, 519),
(88, 50, 521),
(89, 50, 522),
(90, 50, 523),
(91, 51, 524),
(92, 51, 525),
(93, 51, 526),
(98, 52, 527),
(99, 52, 528),
(100, 52, 529),
(101, 52, 530),
(102, 52, 532),
(103, 53, 533),
(104, 53, 534),
(105, 53, 535),
(106, 54, 537),
(107, 54, 538),
(108, 54, 539),
(109, 55, 540),
(110, 56, 541),
(111, 56, 542),
(112, 57, 543),
(113, 57, 544),
(114, 57, 545),
(115, 58, 547),
(116, 59, 548),
(117, 59, 549),
(118, 59, 550),
(119, 59, 551),
(120, 60, 553),
(121, 60, 554),
(122, 61, 555),
(123, 62, 557),
(124, 63, 560),
(125, 64, 563),
(126, 64, 564),
(127, 64, 565),
(128, 65, 568),
(129, 66, 569),
(130, 67, 572),
(131, 68, 573),
(132, 68, 574),
(133, 69, 576),
(134, 70, 578),
(135, 70, 579),
(138, 71, 580),
(139, 71, 581),
(140, 71, 582),
(141, 72, 584),
(142, 72, 585),
(143, 73, 588),
(144, 73, 589),
(145, 74, 591),
(146, 75, 593),
(147, 75, 594),
(148, 76, 595),
(149, 77, 596),
(150, 78, 601),
(151, 78, 602),
(152, 79, 605),
(153, 79, 606),
(154, 80, 607),
(155, 80, 608),
(156, 81, 610),
(157, 82, 612),
(158, 82, 613),
(159, 83, 614),
(160, 84, 616),
(161, 85, 617),
(162, 85, 618),
(163, 85, 619),
(164, 85, 620),
(165, 86, 624),
(166, 87, 625),
(167, 88, 626),
(168, 89, 627),
(169, 90, 631),
(170, 91, 633),
(171, 91, 634),
(172, 91, 635),
(173, 92, 637),
(174, 93, 639),
(175, 94, 640),
(176, 95, 641),
(177, 96, 643),
(178, 96, 644),
(179, 97, 645),
(180, 98, 646),
(181, 99, 647),
(182, 99, 648),
(183, 100, 649),
(184, 100, 650),
(185, 101, 653),
(186, 101, 654),
(187, 102, 656),
(188, 103, 657),
(189, 103, 658),
(190, 104, 660),
(191, 105, 663),
(192, 106, 664),
(193, 106, 665),
(194, 107, 668),
(195, 108, 671),
(196, 109, 673),
(197, 109, 674),
(198, 109, 675),
(199, 110, 681),
(200, 110, 683),
(201, 111, 685),
(202, 112, 689),
(203, 112, 690),
(204, 113, 694),
(205, 114, 695),
(206, 115, 699),
(207, 115, 700),
(208, 115, 701),
(209, 116, 702),
(210, 116, 703),
(211, 117, 704),
(212, 118, 705),
(213, 119, 706),
(214, 119, 707),
(215, 120, 708),
(216, 121, 903),
(217, 121, 904),
(218, 121, 905),
(219, 122, 713),
(223, 123, 714),
(224, 123, 715),
(225, 123, 716),
(226, 123, 717),
(227, 124, 718),
(228, 125, 719),
(229, 125, 720),
(230, 126, 723),
(231, 127, 724),
(232, 127, 725),
(233, 127, 726),
(234, 128, 727),
(235, 129, 729),
(236, 130, 731),
(237, 131, 732),
(238, 131, 733),
(239, 131, 734),
(240, 132, 735),
(241, 133, 736),
(242, 134, 737),
(243, 134, 738),
(244, 135, 739),
(245, 135, 740),
(246, 135, 741),
(247, 136, 742),
(248, 137, 744),
(249, 137, 745),
(250, 138, 746),
(251, 139, 749),
(252, 140, 753),
(253, 140, 754),
(254, 141, 755),
(255, 142, 757),
(256, 142, 758),
(257, 143, 759),
(258, 143, 760),
(259, 144, 761),
(260, 145, 762),
(261, 145, 763),
(262, 146, 764),
(263, 146, 765),
(264, 146, 766),
(265, 146, 767),
(266, 147, 769),
(267, 147, 770),
(268, 148, 771),
(269, 148, 772),
(270, 148, 773),
(271, 148, 774),
(272, 149, 777),
(273, 150, 778),
(274, 150, 779),
(275, 150, 780),
(276, 151, 781),
(277, 152, 782),
(278, 152, 783),
(279, 152, 784),
(280, 153, 785),
(281, 153, 786),
(282, 154, 787),
(283, 154, 788),
(284, 155, 791),
(285, 156, 793),
(286, 156, 794),
(287, 157, 795),
(288, 158, 796),
(289, 158, 797),
(290, 158, 798),
(291, 159, 800),
(292, 159, 801),
(293, 160, 802),
(294, 161, 803),
(295, 161, 804),
(296, 161, 805),
(297, 162, 807),
(298, 163, 808),
(299, 164, 809),
(300, 165, 810),
(301, 166, 811),
(302, 167, 812),
(303, 167, 813),
(304, 168, 814),
(305, 169, 815),
(306, 169, 816),
(307, 169, 817),
(308, 170, 818),
(309, 170, 819),
(310, 171, 820),
(311, 171, 821),
(312, 172, 822),
(313, 173, 823),
(314, 174, 824),
(315, 175, 825),
(316, 176, 826),
(317, 177, 828),
(318, 177, 829),
(319, 178, 830),
(320, 178, 831),
(321, 179, 832),
(322, 180, 834),
(323, 181, 835),
(324, 182, 836),
(325, 183, 838),
(326, 183, 839),
(327, 183, 840),
(328, 184, 841),
(329, 184, 842),
(330, 185, 844),
(331, 186, 846),
(332, 186, 847),
(333, 186, 848),
(334, 187, 851),
(335, 187, 852),
(336, 188, 853),
(337, 188, 854),
(338, 189, 856),
(339, 189, 857),
(340, 190, 859),
(341, 190, 860),
(342, 191, 862),
(343, 192, 863),
(344, 192, 864),
(345, 193, 865),
(346, 194, 866),
(347, 194, 867),
(348, 195, 868),
(349, 195, 869),
(350, 195, 870),
(351, 195, 871),
(352, 195, 872),
(353, 196, 873),
(354, 196, 874),
(355, 197, 876),
(356, 197, 877),
(357, 197, 878),
(358, 198, 881),
(359, 199, 882),
(360, 199, 883),
(361, 200, 884),
(362, 201, 885),
(363, 202, 886),
(364, 203, 887),
(365, 204, 888),
(366, 205, 890),
(367, 206, 891),
(368, 206, 892),
(369, 207, 893),
(370, 207, 894),
(371, 207, 895),
(372, 207, 896),
(373, 208, 898);

-- --------------------------------------------------------

--
-- Table structure for table `exam`
--

CREATE TABLE `exam` (
  `ExamId` int(11) NOT NULL,
  `ExamPlaceId` int(11) NOT NULL,
  `ExamType` varchar(254) NOT NULL COMMENT '(FirstStep/SecondStep)',
  `ExamCapacity` int(11) NOT NULL DEFAULT '0',
  `ExamDate` varchar(254) NOT NULL,
  `ExamTime` varchar(254) NOT NULL,
  `ExamAgentId` int(11) NOT NULL
) ENGINE=InnoDB DEFAULT CHARSET=latin1;

--
-- Dumping data for table `exam`
--

INSERT INTO `exam` (`ExamId`, `ExamPlaceId`, `ExamType`, `ExamCapacity`, `ExamDate`, `ExamTime`, `ExamAgentId`) VALUES
(1, 1, 'FirstStep', 48, '1398/7/10', '14:50', 22),
(2, 1, 'FirstStep', 0, '1398/7/17', '16:00', 22),
(3, 1, 'SecondStep', 118, '1398/7/10', '14:00', 22),
(4, 2, 'FirstStep', 40, '1398/7/11', '14:00', 13),
(5, 2, 'FirstStep', 40, '1398/7/13', '18:00', 13);

-- --------------------------------------------------------

--
-- Table structure for table `exam_places`
--

CREATE TABLE `exam_places` (
  `ExamPlaceId` int(11) NOT NULL,
  `ExamPlaceTitle` varchar(254) COLLATE utf8mb4_unicode_ci NOT NULL,
  `ExamPlaceAddress` text COLLATE utf8mb4_unicode_ci NOT NULL,
  `ExamPlaceMapImage` varchar(512) COLLATE utf8mb4_unicode_ci NOT NULL,
  `ExamPlaceDefaultCapacity` int(11) NOT NULL DEFAULT '0',
  `ExamPlaceStateId` int(11) NOT NULL,
  `ExamPlaceAgentId` int(11) NOT NULL
) ENGINE=InnoDB DEFAULT CHARSET=utf8mb4 COLLATE=utf8mb4_unicode_ci;

--
-- Dumping data for table `exam_places`
--

INSERT INTO `exam_places` (`ExamPlaceId`, `ExamPlaceTitle`, `ExamPlaceAddress`, `ExamPlaceMapImage`, `ExamPlaceDefaultCapacity`, `ExamPlaceStateId`, `ExamPlaceAgentId`) VALUES
(1, 'مصلی تهران', 'خیابن جامی 1111', '256be92a35f4348acd33dbc92054681c_BOT2.png', 20, 8, 22),
(2, 'مصلی تبریز', 'تبریز آبرسان', '', 40, 1, 13);

-- --------------------------------------------------------

--
-- Table structure for table `form_contact`
--

CREATE TABLE `form_contact` (
  `RowId` bigint(20) NOT NULL,
  `ContactFullName` varchar(255) COLLATE utf8mb4_unicode_ci NOT NULL,
  `ContactTitle` varchar(255) COLLATE utf8mb4_unicode_ci NOT NULL,
  `ContactSubject` varchar(255) COLLATE utf8mb4_unicode_ci NOT NULL,
  `ContactContent` text COLLATE utf8mb4_unicode_ci NOT NULL,
  `ContactIP` varchar(25) COLLATE utf8mb4_unicode_ci NOT NULL,
  `Visited` int(11) NOT NULL DEFAULT '0'
) ENGINE=InnoDB DEFAULT CHARSET=utf8mb4 COLLATE=utf8mb4_unicode_ci;

-- --------------------------------------------------------

--
-- Table structure for table `form_signup`
--

CREATE TABLE `form_signup` (
  `RowId` bigint(20) NOT NULL,
  `SignUpType` varchar(25) COLLATE utf8mb4_unicode_ci NOT NULL,
  `SignUpFirstName` varchar(255) COLLATE utf8mb4_unicode_ci NOT NULL,
  `SignUpLastName` varchar(254) COLLATE utf8mb4_unicode_ci NOT NULL,
  `SignUpPhone` varchar(15) COLLATE utf8mb4_unicode_ci NOT NULL,
  `SignUpNationalCode` varchar(25) COLLATE utf8mb4_unicode_ci NOT NULL,
  `SignUpStateId` int(11) NOT NULL,
  `SignUpCityId` int(11) NOT NULL,
  `SignUpIP` varchar(25) COLLATE utf8mb4_unicode_ci NOT NULL,
  `CreateDateTime` varchar(25) COLLATE utf8mb4_unicode_ci NOT NULL
) ENGINE=InnoDB DEFAULT CHARSET=utf8mb4 COLLATE=utf8mb4_unicode_ci;

--
-- Dumping data for table `form_signup`
--

INSERT INTO `form_signup` (`RowId`, `SignUpType`, `SignUpFirstName`, `SignUpLastName`, `SignUpPhone`, `SignUpNationalCode`, `SignUpStateId`, `SignUpCityId`, `SignUpIP`, `CreateDateTime`) VALUES
(25, '["1","2","3"]', 'محمدرضا', 'اسماعیلی', '091205721078', '4900354376', 8, 117, '::1', '1398/06/05 10:53:08'),
(26, '["1","3"]', 'محمدرضا', 'اسماعیلی', '091205721079', '4900354376', 8, 117, '::1', '1398/07/07 11:26:38'),
(27, '["1","3"]', 'محمدرضا', 'اسماعیلی', '09580572107', '0755723864', 8, 557, '::1', '1398/08/14 10:35:49'),
(28, '["1"]', 'محمدرضا', 'اسماعیلی', '09120572107', '4900354376', 8, 548, '::1', '1398/06/30 16:29:47'),
(29, '["1","2","3"]', 'محمدرضا', 'اسماعیلی', '09120572107', '4900354376', 8, 547, '::1', '1398/06/31 08:32:28'),
(30, '["1","2","3"]', 'محمدرضا', 'اسماعیلی', '09120572107', '4900354376', 8, 547, '::1', '1398/06/31 09:19:39');

-- --------------------------------------------------------

--
-- Table structure for table `pages`
--

CREATE TABLE `pages` (
  `PageId` bigint(20) NOT NULL,
  `PageTitle` text COLLATE utf8mb4_unicode_ci NOT NULL,
  `PageContent` longtext COLLATE utf8mb4_unicode_ci NOT NULL,
  `CreateDateTime` varchar(25) COLLATE utf8mb4_unicode_ci NOT NULL,
  `ModifyDateTime` text COLLATE utf8mb4_unicode_ci NOT NULL,
  `PageAgentId` bigint(20) NOT NULL
) ENGINE=InnoDB DEFAULT CHARSET=utf8mb4 COLLATE=utf8mb4_unicode_ci;

--
-- Dumping data for table `pages`
--

INSERT INTO `pages` (`PageId`, `PageTitle`, `PageContent`, `CreateDateTime`, `ModifyDateTime`, `PageAgentId`) VALUES
(3, 'منشور حقوق مردم', '<p>به گزارش پایگاه اطلاع رسانی وزارت کشور، علی‌رضا رزم‌حسینی در نشست مشترک با اعضای حزب اعتدال و توسعه اظهار کرد: از آغاز فعالیت در استانداری خراسان رضوی با احزاب و گروه های سیاسی نشست های مختلفی را برگزار کرده ام تا از نظرات سازنده تشکل ها برای اداره بهتر استان استفاده کنیم.<br>\nوی افزود: به عنوان خدمتگذار مردم در خراسان رضوی، علاقه مندم که با گروه های مختلف سیاسی و احزاب و تشکل ها جلسات مشترکی داشته و از نظرات و انتقادات آن ها در مسیر بهبود شاخص های اقتصادی، فرهنگی و سیاسی بهره مند شویم.<br>\nاستاندار خراسان رضوی با بیان اینکه اولین راهبرد استان در حوزه سیاسی میانه روی است، تصریح کرد: بنده عضو هیچ حزب و گروهی نیستم و اعتقاد دارم که همه دوست داران نظام جمهوری اسلامی باید برای در مسیر توسعه و پیشرفت همدل شوند؛ در همین راستا در کرمان برای اولین بار منشور همدلی سیاسی تدوین و به امضاء رسید.<br>\nوی ادامه داد: اعتقاد داریم که کشور را با شرکت های توسعه گرا باید ساخت نه با دولت، لذا برای گام برداشتن در مسیر توانمندسازی مردم، توسعه جوامع محلی و تحقق سیاست های اقتصاد مقاومتی باید مشارکت بخش خصوصی و شرکت های توانمند و توسعه گرا را به کار گرفت.<br>\nاستاندار خراسان رضوی با اشاره به اجرای طرح همیاران آب در استان بیان کرد: طرح انتقال آب از دریای عمان هم با هدف تامین آب مورد نیاز نسل های آینده در سه استان خراسان رضوی، جنوبی و سیستان و بلوچستان اجرایی خواهد شد.<br>\nرزم حسینی همچنین از اجرای طرح نجات در برخی از محلات حاشیه شهر مشهد خبر داد و اظهار کرد: در خصوص اقتصاد زیارت برنامه ریزی های ویژه ای انجام شده که فرآیندهای آن درحال پیگیری است.<br>\nوی افزود: در مقابل افراد معترضی که حق شان توسط دستگاه های اجرایی ضایع شده سیاست ما گفت و گو، اقناع و ارائه راه حل مشکل خواهد بود و در همین راستا رویه شورای تامین استان در مواجهه با معترضین به حق، اقناع و حل مشکل بوده است.<br>\nاستاندار خراسان رضوی افزود: در سال ۹۶ که مسئولیت استانداری کرمان را برعهده داشتم، در جریان اعتراضات دی ماه اجازه ندادم به معترضان صدمه ای وارد شود چرا که به گفت‌وگو و اقناع اعتقاد داشتم و البته نیروی انتظامی هم با خویشتن داری و تدبیر با متعرضین برخورد کرد.<br>\nرزم حسینی در بخش پایانی سخنانش در خصوص ماجرای پدیده گفت: برای رفع و رجوع مشکل پدیده در تهران ۱۶ جلسه برگزار شد و سعی کردیم با درایت کامل برای رفع این مشکل راه حل اقتصادی پیدا کنیم.</p>\n', '1398/05/25 17:55:11', '1398/05/25 17:55:11', 13),
(4, 'شرایط قانونی نامزد ها', '<p>هخکتبسی</p>\n\n<p>بی</p>\n\n<p>سشبسش</p>\n\n<p>ب</p>\n', '1398/06/31 15:32:44', '1398/06/31 15:32:44', 13);

-- --------------------------------------------------------

--
-- Table structure for table `posts`
--

CREATE TABLE `posts` (
  `PostId` bigint(20) NOT NULL,
  `PostTitle` text COLLATE utf8mb4_unicode_ci NOT NULL,
  `PostContent` longtext COLLATE utf8mb4_unicode_ci NOT NULL,
  `PostImage` text COLLATE utf8mb4_unicode_ci NOT NULL,
  `CreateDateTime` varchar(25) COLLATE utf8mb4_unicode_ci NOT NULL,
  `ModifyDateTime` varchar(25) COLLATE utf8mb4_unicode_ci NOT NULL,
  `PostAgentId` bigint(20) NOT NULL
) ENGINE=InnoDB DEFAULT CHARSET=utf8mb4 COLLATE=utf8mb4_unicode_ci;

--
-- Dumping data for table `posts`
--

INSERT INTO `posts` (`PostId`, `PostTitle`, `PostContent`, `PostImage`, `CreateDateTime`, `ModifyDateTime`, `PostAgentId`) VALUES
(3, 'معرفی مفاخر استان آذربایجان شرقی در سطح ملی با احیای مرکز خراسان شناسی', '<p>به گزارش پایگاه اطلاع رسانی وزارت کشور، علی‌رضا رزم‌حسینی در نشست مشترک با اعضای حزب اعتدال و توسعه اظهار کرد: از آغاز فعالیت در استانداری خراسان رضوی با احزاب و گروه های سیاسی نشست های مختلفی را برگزار کرده ام تا از نظرات سازنده تشکل ها برای اداره بهتر استان استفاده کنیم.<br>\nوی افزود: به عنوان خدمتگذار مردم در خراسان رضوی، علاقه مندم که با گروه های مختلف سیاسی و احزاب و تشکل ها جلسات مشترکی داشته و از نظرات و انتقادات آن ها در مسیر بهبود شاخص های اقتصادی، فرهنگی و سیاسی بهره مند شویم.<br>\nاستاندار خراسان رضوی با بیان اینکه اولین راهبرد استان در حوزه سیاسی میانه روی است، تصریح کرد: بنده عضو هیچ حزب و گروهی نیستم و اعتقاد دارم که همه دوست داران نظام جمهوری اسلامی باید برای در مسیر توسعه و پیشرفت همدل شوند؛ در همین راستا در کرمان برای اولین بار منشور همدلی سیاسی تدوین و به امضاء رسید.<br>\nوی ادامه داد: اعتقاد داریم که کشور را با شرکت های توسعه گرا باید ساخت نه با دولت، لذا برای گام برداشتن در مسیر توانمندسازی مردم، توسعه جوامع محلی و تحقق سیاست های اقتصاد مقاومتی باید مشارکت بخش خصوصی و شرکت های توانمند و توسعه گرا را به کار گرفت.<br>\nاستاندار خراسان رضوی با اشاره به اجرای طرح همیاران آب در استان بیان کرد: طرح انتقال آب از دریای عمان هم با هدف تامین آب مورد نیاز نسل های آینده در سه استان خراسان رضوی، جنوبی و سیستان و بلوچستان اجرایی خواهد شد.<br>\nرزم حسینی همچنین از اجرای طرح نجات در برخی از محلات حاشیه شهر مشهد خبر داد و اظهار کرد: در خصوص اقتصاد زیارت برنامه ریزی های ویژه ای انجام شده که فرآیندهای آن درحال پیگیری است.<br>\nوی افزود: در مقابل افراد معترضی که حق شان توسط دستگاه های اجرایی ضایع شده سیاست ما گفت و گو، اقناع و ارائه راه حل مشکل خواهد بود و در همین راستا رویه شورای تامین استان در مواجهه با معترضین به حق، اقناع و حل مشکل بوده است.<br>\nاستاندار خراسان رضوی افزود: در سال ۹۶ که مسئولیت استانداری کرمان را برعهده داشتم، در جریان اعتراضات دی ماه اجازه ندادم به معترضان صدمه ای وارد شود چرا که به گفت‌وگو و اقناع اعتقاد داشتم و البته نیروی انتظامی هم با خویشتن داری و تدبیر با متعرضین برخورد کرد.<br>\nرزم حسینی در بخش پایانی سخنانش در خصوص ماجرای پدیده گفت: برای رفع و رجوع مشکل پدیده در تهران ۱۶ جلسه برگزار شد و سعی کردیم با درایت کامل برای رفع این مشکل راه حل اقتصادی پیدا کنیم.</p>\n', '3bf146005ad7080bcf333094c35e8928_2_19.jpg', '1398/05/25 17:49:54', '1398/05/25 18:46:38', 13),
(4, 'استاندار آذربایچان شرقی: از نظر گروه‌های مختلف سیاسی برای اداره بهتر استان استفاده خواهیم کرد', '<p>به گزارش پایگاه اطلاع رسانی وزارت کشور، علی‌رضا رزم‌حسینی در مراسم افتتاحیه دوره های آموزشی مجریان و دست اندرکاران برگزاری انتخابات مجلس شورای اسلامی و میان‌دوره‌ای خبرگان رهبری که در مشهد برگزار شد، اظهار کرد: در طول تاریخ شخصیت هایی از جمله فردوسی، عطار، خیام و مراجع عالیقدر بسیاری زیر سایه امام رضا(ع) در خراسان پرورش پیدا کرده اند و این سرزمین به همین دلیل همواره مورد توجه بوده است.<br>\nوی به رویکرد مدیریت استان در حوزه سیاسی پرداخت و افزود: در حوزه سیاسی مشی ما همواره میانه روی و اعتدال بوده است، چرا که معتقدیم این روش برگرفته از امام علی (ع) است که همواره پیروان خود را به میانه روی توصیه می کردند.<br>\nرزم حسینی به فعالیت خانه احزاب در استان اشاره کرد و ادامه داد: احزاب مختلف با سلایق گوناگون در خراسان رضوی فعال هستند و همواره سعی کرده ایم در جهت بهتر اداره کردن استان با این گروه ها همگرایی لازم را داشته باشیم.<br>\nاستاندار خراسان رضوی در بخش دیگری از سخنانش به موانع پیش روی توسعه و آبادانی پرداخت و گفت: برای رفع چالش هایی مانند بروکراسی فرسوده اداری و به دنبال آن دستیابی به توسعه پایدار مبتنی بر فرمایش مقام معظم رهبری باید به دنبال همگرایی بین همه ارکان حاکمیت باشیم و در این راستا مدلی را تحت عنوان مثلث توسعه اقتصادی فرهنگی در دستورکار قرار داده ایم.<br>\nوی یکی از اهداف انقلاب را بیشتر شدن تدین و تمکن مردم برشمرد و افزود: سرمایه گذاران بر اساس آموزه های دینی مجاهد اقتصادی هستند لذا ائمه جمعه می توانند در این زمینه فرهنگ سازی کرده و زمینه برای بهره گیری از ظرفیت سرمایه گذاران در مسیر توسعه و پیشرفت فراهم کنند.<br>\nرزم حسینی از همگرایی بین همه ارکان حکومت در استان به عنوان کم ترین تاثیر مدل مثلث توسعه اقتصادی فرهنگی یاد کرد و گفت: با اجرای این الگو در خراسان رضوی همه ارکان حکومت در کنار یکدیگر قرار گرفته و در جهت بهبود شاخص های سرمایه گذاری درحال تلاش هستند.  <br>\nوی در خصوص میزان سرمایه گذاری انجام شده در قالب طرح مثلث توسعه اقتصادی فرهنگی استان گفت: تا امروز در قالب این الگو، ۹۲هزار میلیاردتومان موافقت نامه سرمایه گذاری امضا شده است اما بدون شک حجم سرمایه گذاری ها می تواند بسیار بیشتر از این باشد.<br>\nاستاندار خراسان رضوی با بیان اینکه در برابر مشکلات حوزه سرمایه گذاری نمی توان دست روی دست گذاشت، اضافه کرد: در استان خراسان رضوی با همگرایی و هم افزایی همه ارکان حاکمیت، به سمت اصلاح رویه ها و بهبود فضای کسب و کار حرکت کرده و آتش به اختیار مسائل را جلو می بریم.<br>\nرزم حسینی با اشاره به در دستورکار قرار داشتن پروژه های ملی و مهم از جمله خط انتقال آب عمان به سه استان سیستان و بلوچستان، خراسان رضوی، خراسان جنوبی گفت: به منظور مدیریت همزمان منابع آب و خاک، طرح همیاران آب تدوین و فرآیند اجرای آن در استان با مشارکت همه دستگاه های ذی ربط کلید خورده است.<br>\nوی در ادامه درباره معضل حاشیه نشینی شهر مشهد گفت: برای ساماندهی و کاهش آسیب های اجتماعی در سکونتگاه های غیررسمی مشهد با حدود یک میلیون نفر جمعیت که همواره مورد توجه رئیس جمهور و مقام معظم رهبری بوده، در حال اجرای طرح نجات هستیم.<br>\nاستاندار خراسان رضوی ادامه داد: باید به اقتصاد زیارت توجه بیشتری شود چرا که طبق آمارها سالیانه بیش از ۳۰ مییلون زائر داخلی و خارجی به مشهد مقدس سفر می کنند و در این رابطه باید برنامه ریزی بیشتری انجام گیرد.<br>\nرزم حسینی در بخش پایانی سخنان خود به سیاست مدیریت استان در حوزه امنیت پرداخت و تشریح کرد: سیاست ما در حوزه امنیت گفت و گو، اقناع و ارائه راه حل به معترضین بوده است و معتقدیم نباید با معترضین به حق که به دلیل ناکارآمدی دستگاه های اجرایی و قضائی با مشکلاتی مواجه شده اند، برخورد قهری داشت.</p>\n', '4a3b755fa353566f168d83fc474f96a9_3_9.jpg', '1398/05/25 17:50:29', '1398/05/25 18:46:21', 13),
(5, 'در جریان سفر یک روزه خود به استان مرکزی باتفاق استاندار مرکزی با حضور در شهرستان دلیجان از بخش های مختلف بیمارستان امام صادق(ع) این شهرستان بازدید کرد.', '<p>به گزارش پایگاه اطلاع رسانی وزارت کشور؛ دکتر سعید نمکی وزیر بهداشت در جریان سفر یک روزه خود به استان مرکزی باتفاق استاندار مرکزی با حضور در شهرستان دلیجان از بخش های مختلف بیمارستان امام صادق(ع) این شهرستان بازدید کرد.​</p>\n\n<p>وزیر بهداشت، درمان و آموزش پزشکی در این بازدید در جمع خبرنگاران گفت: مشکلات  شهرستان دلیجان در حوزه بهداشت و درمان ارزیابی و جمع بندی می شود و در اسرع وقت به همه مسائل رسیدگی می شود.</p>\n\n<p>وی با بیان اینکه مشکلات این شهرستان در دو بخش است، افزود: شهرستان دلیجان در حوزه نیروی انسانی و تجهیزات دارای مشکلاتی است که پس از سفر و جمع بندی، آنچه ضرورت داشته باشد انجام می شود.</p>\n\n<p>نمکی تصریح کرد: ضریب اشغال تخت نسبت به نیروی انسانی موجود باید به جمع بندی فنی و کامل برسد و با توجه به اولویت عدالت در سلامت و اینکه نیروی انسانی براساس نیاز مناطق توزیع شود اگر به کمبود نیروی انسانی متخصص و کارشناس و تجهیزات رسیدیم، تامین آنها در دستور کار قرار می گیرد.</p>\n\n<p>وزیر بهداشت اضافه کرد: سی تی اسکن فعلی بیمارستان قدیمی است و با توجه به اینکه شهرستان در کریدور عبوری است باید این سی تی اسکن تقویت و در اسرع وقت تامین می شود.</p>\n', 'fb9a356e2b668ed7763006b72dc1eb9a_IMG-20190815-WA0042.jpg', '1398/05/25 17:51:09', '1398/05/25 17:51:09', 13);

-- --------------------------------------------------------

--
-- Table structure for table `state`
--

CREATE TABLE `state` (
  `StateId` bigint(20) NOT NULL,
  `StateName` varchar(255) COLLATE utf8mb4_unicode_ci NOT NULL
) ENGINE=InnoDB DEFAULT CHARSET=utf8mb4 COLLATE=utf8mb4_unicode_ci;

--
-- Dumping data for table `state`
--

INSERT INTO `state` (`StateId`, `StateName`) VALUES
(1, 'آذربایجان شرقی'),
(2, 'آذربایجان غربی'),
(3, 'اردبيل'),
(4, 'اصفهان'),
(5, 'البرز'),
(6, 'ايلام'),
(7, 'بوشهر'),
(8, 'تهران'),
(9, 'چهارمحال و بختیاری'),
(10, 'خراسان جنوبی'),
(11, 'خراسان رضوی'),
(12, 'خراسان شمالی'),
(13, 'خوزستان'),
(14, 'زنجان'),
(15, 'سمنان'),
(16, 'سیستان و بلوچستان'),
(17, 'فارس'),
(18, 'قزوين'),
(19, 'قم'),
(20, 'كردستان'),
(21, 'كرمان'),
(22, 'كرمانشاه'),
(23, 'کهگیلویه و بویراحمد'),
(24, 'گلستان'),
(25, 'گيلان'),
(26, 'لرستان'),
(27, 'مازندران'),
(28, 'مرکزی'),
(29, 'هرمزگان'),
(30, 'همدان'),
(31, 'يزد');

--
-- Indexes for dumped tables
--

--
-- Indexes for table `admin`
--
ALTER TABLE `admin`
  ADD PRIMARY KEY (`AdminId`);

--
-- Indexes for table `agent`
--
ALTER TABLE `agent`
  ADD PRIMARY KEY (`AgentId`),
  ADD UNIQUE KEY `AgentPhone` (`AgentPhone`);

--
-- Indexes for table `candidate`
--
ALTER TABLE `candidate`
  ADD PRIMARY KEY (`CandidateId`),
  ADD UNIQUE KEY `MPNationalCode` (`CandidateNationalCode`);

--
-- Indexes for table `candidate_exam_request`
--
ALTER TABLE `candidate_exam_request`
  ADD PRIMARY KEY (`RequestId`);

--
-- Indexes for table `candidate_post`
--
ALTER TABLE `candidate_post`
  ADD PRIMARY KEY (`RowId`);

--
-- Indexes for table `candidate_report_abuse`
--
ALTER TABLE `candidate_report_abuse`
  ADD PRIMARY KEY (`ReportId`);

--
-- Indexes for table `candidate_roles`
--
ALTER TABLE `candidate_roles`
  ADD PRIMARY KEY (`RoleId`);

--
-- Indexes for table `city`
--
ALTER TABLE `city`
  ADD PRIMARY KEY (`CityId`);

--
-- Indexes for table `content`
--
ALTER TABLE `content`
  ADD PRIMARY KEY (`ContentId`);

--
-- Indexes for table `content_category`
--
ALTER TABLE `content_category`
  ADD PRIMARY KEY (`CategoryId`);

--
-- Indexes for table `election_location`
--
ALTER TABLE `election_location`
  ADD PRIMARY KEY (`ElectionId`),
  ADD UNIQUE KEY `ElectionName` (`ElectionName`);

--
-- Indexes for table `election_location_city`
--
ALTER TABLE `election_location_city`
  ADD PRIMARY KEY (`RowId`);

--
-- Indexes for table `exam`
--
ALTER TABLE `exam`
  ADD PRIMARY KEY (`ExamId`);

--
-- Indexes for table `exam_places`
--
ALTER TABLE `exam_places`
  ADD PRIMARY KEY (`ExamPlaceId`);

--
-- Indexes for table `form_contact`
--
ALTER TABLE `form_contact`
  ADD PRIMARY KEY (`RowId`);

--
-- Indexes for table `form_signup`
--
ALTER TABLE `form_signup`
  ADD PRIMARY KEY (`RowId`);

--
-- Indexes for table `pages`
--
ALTER TABLE `pages`
  ADD PRIMARY KEY (`PageId`);

--
-- Indexes for table `posts`
--
ALTER TABLE `posts`
  ADD PRIMARY KEY (`PostId`);

--
-- Indexes for table `state`
--
ALTER TABLE `state`
  ADD PRIMARY KEY (`StateId`);

--
-- AUTO_INCREMENT for dumped tables
--

--
-- AUTO_INCREMENT for table `admin`
--
ALTER TABLE `admin`
  MODIFY `AdminId` int(11) NOT NULL AUTO_INCREMENT, AUTO_INCREMENT=2;
--
-- AUTO_INCREMENT for table `agent`
--
ALTER TABLE `agent`
  MODIFY `AgentId` int(11) NOT NULL AUTO_INCREMENT, AUTO_INCREMENT=46;
--
-- AUTO_INCREMENT for table `candidate`
--
ALTER TABLE `candidate`
  MODIFY `CandidateId` bigint(20) NOT NULL AUTO_INCREMENT, AUTO_INCREMENT=143;
--
-- AUTO_INCREMENT for table `candidate_exam_request`
--
ALTER TABLE `candidate_exam_request`
  MODIFY `RequestId` int(11) NOT NULL AUTO_INCREMENT, AUTO_INCREMENT=10;
--
-- AUTO_INCREMENT for table `candidate_post`
--
ALTER TABLE `candidate_post`
  MODIFY `RowId` bigint(20) NOT NULL AUTO_INCREMENT;
--
-- AUTO_INCREMENT for table `candidate_report_abuse`
--
ALTER TABLE `candidate_report_abuse`
  MODIFY `ReportId` bigint(20) NOT NULL AUTO_INCREMENT;
--
-- AUTO_INCREMENT for table `candidate_roles`
--
ALTER TABLE `candidate_roles`
  MODIFY `RoleId` int(11) NOT NULL AUTO_INCREMENT, AUTO_INCREMENT=282;
--
-- AUTO_INCREMENT for table `city`
--
ALTER TABLE `city`
  MODIFY `CityId` bigint(20) NOT NULL AUTO_INCREMENT, AUTO_INCREMENT=906;
--
-- AUTO_INCREMENT for table `content`
--
ALTER TABLE `content`
  MODIFY `ContentId` bigint(20) NOT NULL AUTO_INCREMENT, AUTO_INCREMENT=25;
--
-- AUTO_INCREMENT for table `content_category`
--
ALTER TABLE `content_category`
  MODIFY `CategoryId` int(11) NOT NULL AUTO_INCREMENT, AUTO_INCREMENT=23;
--
-- AUTO_INCREMENT for table `election_location`
--
ALTER TABLE `election_location`
  MODIFY `ElectionId` int(11) NOT NULL AUTO_INCREMENT, AUTO_INCREMENT=209;
--
-- AUTO_INCREMENT for table `election_location_city`
--
ALTER TABLE `election_location_city`
  MODIFY `RowId` int(11) NOT NULL AUTO_INCREMENT, AUTO_INCREMENT=374;
--
-- AUTO_INCREMENT for table `exam`
--
ALTER TABLE `exam`
  MODIFY `ExamId` int(11) NOT NULL AUTO_INCREMENT, AUTO_INCREMENT=6;
--
-- AUTO_INCREMENT for table `exam_places`
--
ALTER TABLE `exam_places`
  MODIFY `ExamPlaceId` int(11) NOT NULL AUTO_INCREMENT, AUTO_INCREMENT=3;
--
-- AUTO_INCREMENT for table `form_contact`
--
ALTER TABLE `form_contact`
  MODIFY `RowId` bigint(20) NOT NULL AUTO_INCREMENT;
--
-- AUTO_INCREMENT for table `form_signup`
--
ALTER TABLE `form_signup`
  MODIFY `RowId` bigint(20) NOT NULL AUTO_INCREMENT, AUTO_INCREMENT=31;
--
-- AUTO_INCREMENT for table `pages`
--
ALTER TABLE `pages`
  MODIFY `PageId` bigint(20) NOT NULL AUTO_INCREMENT, AUTO_INCREMENT=5;
--
-- AUTO_INCREMENT for table `posts`
--
ALTER TABLE `posts`
  MODIFY `PostId` bigint(20) NOT NULL AUTO_INCREMENT, AUTO_INCREMENT=6;
--
-- AUTO_INCREMENT for table `state`
--
ALTER TABLE `state`
  MODIFY `StateId` bigint(20) NOT NULL AUTO_INCREMENT, AUTO_INCREMENT=32;
/*!40101 SET CHARACTER_SET_CLIENT=@OLD_CHARACTER_SET_CLIENT */;
/*!40101 SET CHARACTER_SET_RESULTS=@OLD_CHARACTER_SET_RESULTS */;
/*!40101 SET COLLATION_CONNECTION=@OLD_COLLATION_CONNECTION */;
